authorName,authorScholl,jigou,text,titleName,word
吕晓东,国防科学技术大学,国防科学技术大学,"伴随着网络互连技术的发展,原本作为通信设备的手机,成为了目前访问互联网频率最高,数量最多的网络终端设备。随着手机性能的大幅提高,使得以智能手机作为平台,部署网络爬虫程序,对特定主题网站进行数据爬取具有了可行性。本文针对传统爬虫程序存在的IP封锁问题,提出了基于手机的分布式爬虫模型。围绕该模型重点研究和解决以下三个问题:实时通信问题、精准爬取数据问题和大范围快速爬取问题。对于实时通信问题,本文主要解决的工程难题是服务器端与手机端的实时通信。系统将服务器端构建成两个部分,一块是推送消息服务器,另外一块是Web服务器。手机端从消息推送服务器上获得任务推送,并将抓取数据传送给Web服务器。Web服务器根据完成任务情况再次下发任务列表给消息推送服务器。为了实现实时通信,推送端通信协议选取基于可扩展标记语言(XML)的XMPP协议,Web服务器端选用HTTP协议。对于精准爬取数据问题,通过构建垂直爬虫机制和数据清洗来解决。本文采取了两种数据爬取策略,分别是大站优先策略和广度优先策略。通过数据融合方法“清洗”爬取到的数据,补充缺失数据,从而获得准确数据。为了提高数据爬取速度,本文利用了分布式机制,创立了动态任务分配模型,根据节点的负载均衡情况,综合节点手机运算性能、爬虫预计完成任务所需时间、由控制节点达到爬虫节点所需时间等因素,动态的进行任务分配,并用代码实现了动态任务自适应算法。本文基于这些核心机制,利用WebMagic框架,实现了“基于手机的分布式爬虫系统”。该系统在持续的工作条件下可以实现高效快速的数据爬取,解决了IP封锁问题。为验证模型及根据模型所构建出的系统可行性,我们使用多台Android智能手机进行了系统验证。结果表明,该系统能够突破IP封锁限制而且下载效率要高于基于PC的传统爬虫系统。",基于手机的分布式爬虫系统设计与实现,"互联网技术,手机,爬虫机制,分布式系统,实时通信机制,IP封锁"
程泽,成都理工大学,成都理工大学,"对于网络爬虫进行了一种基于Hadoop的分布式网络爬虫的设计与研究,随着互联网时代的到来,互联网技术迅速得到发展,网络上的网络资源也在快速增长。面对互联网上的各式各样的资源,想要能够快速而又准确的找出需要的资源变得不再那么简单。通过搜索引擎便能完成对信息的检索,而搜索引擎与网络爬虫密不可分,只有通过网络爬虫在互联网上爬取到更多的信息资源,搜索引擎才能完成相应的操作。因此,网络爬虫的设计十分重要。如今,已经有越来越多的公司和组织开始致力于设计高效的爬虫系统来对互联网上数以十亿的网页资源进行爬取。由于互联网上庞大的数据资源,传统单机的网络爬虫的抓取和解析效率已经远远达不到现如今的需求。因此,采用基于Hadoop集群来开发,并对网络爬虫在DNS解析、URL抓取、文件解析、URL获取、URL处理以及判断模块进行设计和优化。对于DNS解析模块,通过在上一轮抓取任务开始时,在节点上创建一个解析下一轮待抓取URL的线程来对域名进行提前解析,并将解析的结果存入DNS缓存区中。通过这种预处理过程和缓存区的设计,使得爬虫系统在下一轮抓取任务开始时,不需要等待解析域名过程的完成,而直接去DNS缓存区中获取对应的IP地址映射。这可以有效的增加爬虫系统的效率。在抓取模块中,采用了PageRank算法对URL的重要性进行判断,对待抓取的URL按照PageRank值的大小进行抓取。通过对互联网中网页各种出链形式的分析,采用迭代的思想得到每个网页初始的PageRank值。再依据互联网中出链的指向情况来相应的增加网页的PageRank值。由于网页PageRank值的大小从侧面反映了互联网中出链指向该网页的数量,也决定该网页的重要程度,使得抓取顺序即为网页重要性程度的顺序。这大大降低了垃圾网站的无关信息出现在搜索结果中的机率。文件解析模块中,通过实现Apache Tika对外提供的外部接口,并调用其中的工具来完成对于不同文件的解析和处理。将解析出来的信息中的URL资源信息进行提取,并匹配正则表达式的格式,来判断URL是否合法。在处理模块中,针对网络中网页相似度较高甚至重复的情况,通过采用指纹生成算法中的Simhash算法,对网页文本信息进行分词操作,并对分词设定权重级别。通过每个分词对应的hash值和权重级别,进行加权计算并得到相应的加权值。再合并分词的加权值就可将文本信息转换成长度一定的序列串。通过降维的方式,可以将文本信息相似度的对比转换成比较相应二进制序列串的对比。通过统计二进制序列串中对应位置上数字不同的个数,得到海明距离。爬虫系统会将海明距离小于3的网页判定为重复网页,不进行重复抓取而直接舍弃。URL获取模块通过MapReduce算法的计算获取URL信息,并将已抓取的URL状态更改为已抓取状态。将抓取到的URL资源传递给判断模块,通过判断URL种子库中是否已经包含了该URL资源,来决定对URL资源进行不同的处理。如果包含该资源,爬虫系统会直接舍弃该资源;如果不包含,则会将该资源加入到URL种子库的末尾。通过在URL种子库中加入不同数量的URL来测试爬虫的功能,结果显示URL种子库中URL数量不同时,都能够完成从URL种子库中的URL为起点抓取到互联网中的URL资源,并且在抓取过程严格按照PageRank值的大小顺序进行抓取。在URL种子库中放入两条重复的URL时,通过Simhash算法的计算后海明距离小于3,来判定两个网页为重复网页,只进行了一次抓取动作。又在不同节点数的集群下完成抓取过程时,通过对抓取的网页数量和抓取时间的统计,计算出了不同节点数的集群下的抓取速率,得出节点数越多速率的波动越小,且最后抓取速率会基本稳定在某个固定值附近作上下波动的结论。通过速率大小的对比,得出节点数越多网络爬虫抓取的速率越大,但随着节点数的不断增加,抓取速率的增长程度会不断变小。",基于Hadoop的分布式网络爬虫的设计与研究,"计算机软件及计算机应用,Hadoop,分布式,爬虫,PageRank,Simhash"
李优,西北大学,西北大学,"随着大数据、人工智能时代的到来,互联网上的网络信息日新月异,呈现爆炸式增长态势。传统单机网络爬虫已然无法满足要快速、高效、可靠地获取互联网上不断快速增长的海量网络信息资源的需求。近些年,随着Hadoop、Spark等大数据分布式技术的不断发展,这些技术为海量网络信息资源的存储和计算提供了可能。这里,本文设计和实现了一个基于Hadoop的分布式网络爬虫系统,旨在解决传统单机网络爬虫、一般分布式网络爬虫存在的不能适用于海量网页数据的应用场景、抓取网页速度慢、主节点单点故障等问题,使网络爬虫能够很好地适用于海量网页数据的应用场景,有效提高网络爬虫的网页抓取速度。本文主要工作内容如下:(1)研究了传统单机网络爬虫、Hadoop相关组件的基本原理和工作流程,重点对网络爬虫中的URL去重算法和网页去重算法进行了深入的研究。针对基于Bloom Filter的URL去重算法和基于Sim Hash的网页去重算法这两种单机去重算法存在的问题,结合Hadoop分布式编程技术,本文设计和实现了一种基于Sim Hash的分布式URL去重算法,该算法是基于网页内容和URL链接进行URL去重的,很好地提高了URL去重率,加快了爬虫系统抓取网页的速度,适用于海量网页数据去重的应用场景。(2)对基于Hadoop的分布式网络爬虫系统进行了详细的设计与实现,具体包括系统的需求分析、架构设计、工作流程设计、功能结构设计、分布式存储设计,以及利用HDFS、Map Reduce分布式编程技术实现系统的各个功能模块等。(3)在本地搭建了基于Hadoop HA高可用分布式集群测试环境,根据本文给定的测试方案分别对系统的功能、性能、可扩展性、高可用性、URL去重算法这5个方面进行了测试。通过对测试结果分析可以得到:本文设计的分布式网络爬虫系统满足了系统各模块功能、可扩展性、高可用性、URL去重的需求,同时该系统具有较高的爬虫效率和URL去重率,满足了系统的性能需求,适用于海量网页信息资源获取的应用场景。",基于Hadoop的分布式网络爬虫设计与实现,"计算机软件及计算机应用,互联网技术,分布式网络爬虫,Hadoop,URL去重,SimHash"
萧婧婕,华东师范大学,华东师范大学,"互联网的飞速发展使得网页资源呈现爆炸式增长,准确地获取用户所需的网页是现在搜索引擎需要解决的一个热点问题。在这种情况下,针对特定主题的垂直搜索引擎由此诞生。它的核心就是主题爬虫,本文通过研究主题爬虫的相关技术,引入网页分块的概念,结合主题爬虫的链接评价方法,提出一种更为有效的主题爬虫,论文的主要工作如下:(1)提出一种新的网页分块算法:在现有的多数基于“DIV+CSS”的页面设计结构下,将VIPS算法的分块规则进一步优化,根据主题爬虫的需要,提取出内容块和链接块,过滤掉网页中的无关链接与垃圾信息。然后从内容块中提取出文本信息的特征关键词,利用改进的TF-IDF加权算法,对特征关键词加权后用向量空间模型计算主题相关性。基于网页分块的内容分析方法为后续的链接评价提供了更高质量的网页URL,同时降低了无关内容的影响。(2)主题爬虫必须计算网页链接的优先级来确定主题爬虫的爬取方向。本文利用群体智能算法的基本思想,引入灰狼优化算法,通过加入动态权重的概念以及改变收敛因子的计算方法,将改进的灰狼优化算法应用于主题爬虫中,链接优先级的准确度更高,同时避免了主题爬虫陷入“局部最优”的问题,提高了全局搜索能力,并能抛弃掉无关的链接,提高了返回网页的质量。实验证明,改进的灰狼优化算法能够显著提高爬虫的准确率。(3)将两种方法结合设计主题爬虫系统,经过前期的数据准备与参数设置后,将本文使用的主题爬虫系统与基于PageRank算法的主题爬虫系统、使用Shark-Search算法构建的主题爬虫系统进行比较。对三种主题爬虫的覆盖率,准确率和信息量总和进行详细的实验分析对比,结果表明,本文提出的主题爬虫系统具有更好的性能。",基于改进VIPS算法和改进灰狼优化算法的主题爬虫,"计算机软件及计算机应用,自动化技术,主题爬虫,关键词提取,网页分块,主题相关性,灰狼优化算法"
彭宏胜,江苏大学,江苏大学,"在数据量呈爆炸式增长的大数据时代,互联网数据成为21世纪最重要的资源,同时也是人工智能发展的基石。如何精准、快速地从互联网资源中获取有用的数据成为当前研究的热点。通用搜索引擎尽量为用户查询并返回更多的数据,但是返回的数据中非用户需要数据占据多数。主题搜索引擎是通过检索用户给定的主题信息,来提高搜索引擎的速度与准确率,因此成为搜索引擎研究的主要方向。网络爬虫是搜索引擎中重要的组成部分,专为搜索引擎从互联网上获取网络资源。主题爬虫领域的三类经典算法其中包括:基于链接的算法、基于内容的算法和链接与内容相结合的算法。本文首先对基于内容的Shark-Search算法中存在的不足进行优化,然后对基于链接与内容相结合的OTIE自适应算法中存在的问题进行解决,最后在两个改进算法的基础上实现主题爬虫系统。主要研究内容如下:(1)基于内容的主题爬虫算法Shark-Search的改进。针对Shark-Search算法在计算子链接主题相关度时易受到其上下文信息量不足和噪音链接的影响,提出改进算法ESS(Enhance Shark-Search)。首先,ESS算法不再通过简单的关键词与子链接上下文内容进行相似度计算,而是利用迭代式扩展-过滤技术来扩展主题词,得到一个主题相关性更全面的主题词集,可以有效降低因信息量不足而产生的影响。其次,ESS算法通过引入预判权值U(l)来消除噪音链接,预判权值U(l)是通过获取子链接在网页中的CSS样式、锚文本、图片标签等特征同时利用每个特征对应的权重计算得到最后的权值,预判权值U(l)的引入对降低噪音链接的影响起到明显的效果。通过从新浪资讯网中抓取4个不同主题的数据进行实验,实验结果表明,ESS算法的查准率比原算法提高了12.1%,查全率比原算法提高了12.08%。(2)基于链接与内容相结合的OTIE自适应算法的改进。针对OTIE自适应算法未全面考虑新旧网页的平衡,爬虫程序在爬行网页过程中由于网页现金值分配不佳导致抓取到的新网页数量偏少的问题,提出改进的自适应算法E-OTIE。E-OTIE自适应算法在判断网页重要性时引入一个与时间有关的权重因子W(t)。权重因子W(t)是网页最新被修改到被抓取的时间差值,若时间差越大,则该网页越旧,对应的权值越低。时间权重的引入对平衡新旧网页起到明显的效果。通过从互联网中爬取的数据进行实验,实验结果表明,E-OTIE自适应算法的平均收获率和平均召回率与原始算法很接近,而算法的新网页收获率提升约23%。(3)基于上述的研究,本文将实现一个主题爬虫的原型系统,使用者根据其需求在系统界面中简单配置,然后抓取符合条件的数据。",基于Shark-Search与OTIE自适应算法的主题爬虫关键技术研究与实现,"计算机软件及计算机应用,主题爬虫,Shark-Search,OTIE,数据采集,自适应"
韩进宾,东南大学,东南大学,"目前互联网上的信息量呈现爆发式的增长,但是人们获取想要的信息所需要的代价与时间也是越来越高。因此,对于一般的搜索引擎来说,在进行提交处理之后,返回的信息量太大,需要经过人工干预才能再次进行确认与排查,查询返回的结果中有用的信息占据的比例太少,同时,通用的搜索引擎在进行搜索的时候深度方面往往不够。为了能够及时的了解到应用商店的热点信息,需要引入相应的分析系统。本文设计与实现了面向应用商店的主题爬虫系统。针对传统的网络爬虫仅仅采用的一种搜索引擎的服务,无法满足针对主题性方面的应用需要。本文深入对于主题爬虫的相关特性、架构、工作流程进行分析,提出了一种面向应用商店的爬虫系统总体架构。本系统开发采用当前较为流行的Python语言和PHP语言开发,采用标准的B/S架构,充分利用这种架构在系统运行过程中的优势,结合了先进的技术方法,实现了多线程管理模块、爬取策略模块、HTTP下载模块、手机端抓取模块、正文抽取模块、超链接抽取模块、主题相关度判断模块的管理功能模块,最后按照单元测试和压力测试对系统进行相应的测试分析,并对最终的测试结果进行分析与总结处理。通过对爬虫系统的测试,测试结果表明,爬虫系统运行效果良好,能够为数据分析模块提供数据,取得了令人满意的效果。",面向应用商店的主题爬虫设计与实现,"计算机软件及计算机应用,主题爬虫,多线程管理,爬取策略,正文抽取模块"
闫宁,华中科技大学,华中科技大学,"随着水利信息化的发展,互联网上累积了数据量庞大的水利主题信息。由于互联网上的信息具有数据量庞大,分布离散,结构复杂等特点,采用传统的人工采集方式进行信息的获取,具有效率低下等问题。使用网络爬虫则可以方便快捷地获取到数据量庞大,主题相关性高的水利信息。系统以主题爬虫为基础构建信息聚合平台,实现水利信息的获取和利用。论文的主要研究内容如下:(1)水利主题爬虫各功能模块设计。对主题爬虫的框架进行选择,种子站点的集合进行筛选,主题描述词库进行定义,爬行策略进行选择,链接提取方案进行设计,主题相关性分析算法进行分析与改进。(2)水利GIS信息爬取方案设计。GIS格式的信息是水利行业区别于其他行业的显著特点。水利地理信息大多数是以接口的形式提供服务,用户无法直接获取到原始的数据。可根据瓦片金字塔模型进行地图拼接和缩放算法的设计,实现水利地图信息的获取。(3)多种格式水利信息爬取方案设计。水利主题爬虫根据不同格式信息的特点定制不同的爬取方案,将文字、数据、图片、视频影像和地图等多种格式的水利信息进行全面获取。(4)水利信息规范化设计。为了解决水利信息形式不统一、表现不规范等问题,水利信息规范化模块将信息按种类转化成通用的格式,并对不符合规范的信息进行相应算法处理,使信息规范化。(5)搭建水利信息聚合平台。以爬虫爬取的水利信息为基础,进行水利信息聚合平台的搭建。该平台对水利信息进行聚合,为用户提供水利信息展示和检索等多种服务。水利信息聚合系统采用主题爬虫对信息进行爬取,并且构建水利信息聚合平台,将水利信息在该平台进行聚合使用,为用户提供多种特色化信息服务。该系统为用户进行水利信息的采集和利用带来了极大的便利和良好的体验。",基于网络爬虫的水利信息聚合系统的设计与实现,"自然地理学和测绘学,水利水电工程,计算机软件及计算机应用,计算机软件及计算机应用,水利,主题爬虫,相关性分析,GIS,信息聚合"
张冬冬,江苏科技大学,江苏科技大学,"伴随着互联网技术的快速发展以及人们生活水平的不断提升,在线电子商务进入蓬勃发展的阶段,从而促使多种在线购物平台的出现。近年来随着以京东商城和天猫商城为代表的B2C购物模式的迅速发展,与日俱增的业务量和信息量给企业的发展和用户的选择带来了巨大的困扰。如何利用搜索引擎技术获取这些海量的数据?如何从海量消费数据中挖掘客户的真实需求?这些问题成为目前电商领域研究的热点和难点。因此,运用爬虫技术以及数据驱动模式精准挖掘客户的消费偏好,是B2C购物网站达成精准营销目的的重要保障。但随着互联网中信息量日益增多以及网络反爬虫技术革新,传统爬虫技术逐渐难以满足海量数据采集的需求,其局限性日益突出:一是传统爬虫无法完成海量商品数据采集的任务;二是传统爬虫缺乏“启发性”,很难绕过人机交互以及指纹验证等爬虫阻拦;三是传统爬虫采集速度慢,运行时间过长。这些问题严重影响了数据挖掘的研究,这时便产生了基于蚁群算法的分布式爬虫技术,它被作为解决传统爬虫缺乏“启发性”的一种潜在方案而投入研究使用。本文围绕电商平台网站,对数据采集和网络反爬虫进行了研究和探索。首先,介绍搜索引擎的基础理论、网络爬虫基本原理、蚁群算法理论、分布式爬虫技术、反爬虫技术和验证码识别技术,引出分布式爬虫模型;随后,对分布式爬虫模型中的Scrapy-Redis模型进行了研究;接着,对蚁群算法模型以及验证码识别模型进行了着重研究,提出了基于蚁群算法的分布式爬虫,并对蚁群算法指导分布式爬虫的相关理论进行了深入分析,从爬虫运行日志信息中挖掘出电商平台反爬虫的回调地址与特征,并将这些重要信息加以利用从而能“启发性”的指导传统爬虫;最后,利用Python实现基于蚁群算法的分布式爬虫采集系统,完成对电商数据的挖掘。通过对基于蚁群算法的分布式爬虫和传统爬虫两者不同点的研究,发现目前传统爬虫对电商网站中信息资源的整体分布是未知的,不能很好地预测爬行方向和解决爬虫陷阱。通过研究数据得出结论证明,基于蚁群算法的分布式爬虫技术能够更好地指导传统爬虫。",基于蚁群算法的分布式爬虫技术研究及应用,"计算机软件及计算机应用,计算机软件及计算机应用,自动化技术,企业经济,贸易经济,蚁群算法,数据采集,分布式爬虫,反爬虫,数据挖掘"
杨力,广东工业大学,广东工业大学,"这些年来,随着互联网的发展,尤其是智能手机和各种物联网设备的加入,互联网中的数据量也迎来了爆发式的增长。如此巨量的信息一方面丰富和方便了人们的生活,但另一方面也增加了获取有效信息的难度。因此采用主题爬虫技术方便快捷地收集注塑行业的相关信息,从而实现对注塑行业发展的监控和预测,对于企业发展有着重要意义。本文来源于《大型注塑成型智能制造工厂》,设计和实现了能够定向抓取网络数据的主题爬虫系统。通过阅读大量的国内外文献资料,然后结合项目实际中遇到的问题,对主题爬虫以及技术框架有了一定的了解和认识,发现一些对于主题爬虫的研究中所存在的问题:1)目前还没有对于如何选取适当的初始种子的研究;2)主题爬虫的性能和召回率仍有提高空间,需要进一步研究。针对上面提出的几个问题,通过进一步的实践研究,本文给出了一些新的解决方法,并以此为基础,设计实现了主题爬虫系统。在论文后面,利用多个实验表明了本文改进算法的效果。本文的创新点有以下几个:(1)在介绍了初始种子的选取问题后,在HITS算法的基础上,提出了一种新的改进,以此来更方便高效的选取初始种子。在本文中,结合HITS算法定义的权威度和中心度,通过它们来描述链接之间的连接情况,并定义了一个能够计算候选种子好坏的公式,从而选取更好的初始种子,提高主题爬虫的效率。在论文最后也给出了系统的采集结果,证明了算法改进的效果。(2)主题爬虫通常采用概念背景图来作为爬行策略,针对这种策略的缺点,本文给出了一种改进方法——基于综合价值的概念背景图的爬行策略。针对概念背景图的构建过程,给出了一种改进方法。与此同时,将经常被忽略的父网页、链接上下文等因素纳入了综合考虑,定义了一种能够预测待访问链接价值的公式,以此来提前预测链接价值,剔除无关链接,加快爬虫运行速率。在最后,给出相关实验数据,表明了采用改进后的爬行策略的主题爬虫,无论是速度还是精准度都有很大提升。(3)结合前两点,设计实现完整的主题爬虫系统。本文介绍了系统中关键模块的设计实现方案,并设计了相应的数据库方案,利用Java中的爬虫框架WebMagic实现了爬虫系统。该爬虫系统具有一定的通用性,初始种子选取策略的改进减少了大量的人工时间,爬行策略的改进提高了系统的速度和准确度。在最后,给出系统运行结果也表明爬行效率有显著的提升。",基于网络爬虫的注塑信息研究与实现,"计算机软件及计算机应用,主题爬虫,WebMagic,爬行策略,注塑信息"
蒋鹏,重庆邮电大学,重庆邮电大学,"主题爬虫(Focused Crawler)是主题搜索引擎的关键部件,目的是检索最大数量的与特定主题相关的网页。它会根据相关算法或者特定策略进行网页筛选,直到达到一定的下载数量、迭代次数或者主题相似度的精度阈值为止。比之通用爬虫,主题爬虫需要解决以下问题:主题定义、网页数据的分析、未知URL的搜索策略。对于主题定义、网页数据的分析已经比较准确和全面。而未知URL的搜索策略一直是主题爬虫研究领域的热点及难点,该领域的研究从最初的基于内容和链接到利用叙词表和本体,再到目前基于机器学习算法,主题爬虫的搜索精度和覆盖率都有了一定的提升。然而,当前主题爬虫的搜索策略研究依然存在着主题计算准确率较低,抓取网页的覆盖率不高,容易出现主题偏移,种子页面选取不合理等问题。为了解决以上问题,本文对主题爬虫搜索策略及相关技术进行了如下研究:1.本文设计了一个基于变异思想改进粒子群算法的主题爬虫模型。首先,对于每个主题基于点击率获取3种容易产生大规模聚集的网页群中的典型页面。然后,计算每个主题3种种子页面的权值,将权值作为粒子群爬虫的初始速度和方向值,使用本文提出的基于变异思想改进的粒子群算法抓取页面。其中,本文改进的算法将全局极值设置为完美但实际上并不存在的值,从而忽略了全局极值的影响并在算法陷入局部收敛时加入变异思想。最后通过对比实验并进行结果分析,对比于传统的爬虫方法,本文提出的主题爬虫模型可以获得更高的准确率,能够抓取高质量的网页。2.本文搭建了一种基于改进Louvain算法的种子页面选取框架。首先,基于搜索引擎获取一定数量的初始相关种子页面,将这些页面作为节点,使用本文改进Louvain算法对其进行社区划分。然后,计算初始划分社区的归一化互信息确定节点大小,通过删除多余节点构造出超级节点网络。最后,通过计算超级网络节点页面内容与主题的相似度得到超级网络节点页面权值,选取权值大于阈值的节点页面并去掉属于同一个社区的节点页面,得到种子页面集合。经过实验分析,证明本框架生成的种子页面能够有效提升主题爬虫的准确率和主题覆盖率。",基于仿生学的主题爬虫搜索策略及关键技术研究,"生物学,计算机软件及计算机应用,变异思想,粒子群算法,主题爬虫,Louvain算法,种子选取"
匡芳君,"
                                        温州商学院信息工程学院

                                    ",温州商学院信息工程学院;,"针对网络爬虫开发时面临的攻防、去重和爬取效率等问题,通过着重分析基于Scrapy框架的分布式知乎网络爬虫的工作原理和实现方式以及一些关于分布式运行原理、反爬虫、去重算法、Redis数据库、Mongo DB数据库等方面的技术,设计和实现了基于Scrapy框架的分布式网络爬虫。最后通过对该爬虫的对比测试分析,得出了如何提高爬虫的爬取效率和避免网站反爬的应对策略。",基于Scrapy框架的分布式网络爬虫的研究与实现,"计算机软件及计算机应用,网络爬虫,分布式,Scrapy,Redis"
漆志辉,暨南大学,暨南大学,"互联网在不断的飞速发展,然而利用爬虫在浩瀚如海的网络世界里对高效提取相关的目标网页信息显得越来越力不从心。为解决通用搜索引擎可扩展性限制,主题爬虫是有效的解决方案。主题爬虫可以预测并提取相关URL链接,并有效地抓取与目标主题网页内容高度相关的网页。文章通过和分析比较几种爬虫的收获率,用收获率作为性能指标来评价主题爬虫的性能,并结合分析研究与开发之间的偏差可以得到它的最优性能。本文还分析了各种不同类型的爬虫算法,且讨论了他们的性能表现。


	近年来,隐马尔科夫模型的应用范围越来越广,且有先驱拿该模型来指导主题爬虫的爬行过程。前人已将隐马尔科夫模型应用于主题爬虫,取得了一定的效果,实践证明,将隐马尔科夫模型应用于主题信息采集领域是可行的。在此基础上,本文对现有隐马尔科夫模型主题爬虫进行了详细的分析,且和现在流行的一些主题爬虫做了性能对比,由此发现了隐马尔科夫模型主题爬虫的很多不足。所以提出了几个改进的方法来改进隐马尔科夫模型主题爬虫的性能,此性能主要指收获率的提高。实践证明改进后的爬虫收获率有很大的提高。将改进后的隐马尔科夫模型主题爬虫和Nutch搜索引擎结合使用,替换掉Nutch系统原有的爬虫系统,得到一个主题搜索引擎。实验证明,改装后的搜索引擎能进行主题搜索。


	本文围绕隐马尔科夫模型主题爬虫的改进,并用实践证明基于隐马尔科夫模型的主题爬虫不但具有重要的理论价值,而且还有广阔的应用前景。",基于隐马尔科夫模型的主题爬虫性能提高与应用,"计算机软件及计算机应用,主题爬虫,学习型爬虫,隐马尔可夫模型,万维网"
王旭,北京邮电大学,北京邮电大学,"随着Internet在全球范围内的高速发展,互联网已经成为人们获取信息的重要途径和反映社会舆情的主要载体之一。由于互联网的开放性和虚拟性,使得网络舆情比传统舆情的波及范围更广,传播速度更快,突发性更强。因此对于互联网舆情进行有效的监督和控制是非常必要的。


	本文研究了互联网舆情监控系统中聚焦爬虫的已有研究成果,研究了搜索选择策略、网页分析评价、主题孤岛避免等聚焦爬虫的关键技术,针对互联网舆情监控设计并实现了聚焦爬虫。论文完成的主要工作如下：


	(1)分析并总结了互联网舆情监控系统的特点及难点,指出聚焦爬虫在系统中的地位作用及实现目标。


	(2)分析了聚焦爬虫的主要功能及设计特点,针对互联网舆情系统进行了聚焦爬虫的设计,设计并实现了聚焦爬虫的主体框架、爬虫规则模块、爬虫控制模块和用户配置模块等。


	(3)给出了聚焦爬虫的具体实现,包括对网页的抓取及解析、爬行策略、网页去重、多爬虫调度等,实现了对I-Match网页去重算法,完成了对一致性Hash调度算法的改进,并对算法进行了实验分析。对系统进行了测试。


	本文实现的聚焦爬虫不仅能够满足质检总局相关人员的日常工作需要,而且在性能、准确率及全面率方面上都优于通用爬虫。本系统可为快速应对网络突发事件提供支持与帮助。",互联网舆情监控系统中聚焦爬虫的设计与实现,"互联网技术,互联网舆情,舆情监控系统,信息采集,聚焦爬虫"
王文博,吉林大学,吉林大学,本文首先简单介绍搜索引擎以及实时搜索引擎产生的背景，然后详细描述了搜索引擎的模块之一——网络爬虫的原理、结构、分类等，并简要介绍近年来实时爬虫领域的一些研究成果。在现有的一些网络爬虫技术的基础上，针对目前它们存在的问题和不足之处，本文提出了一个实时爬虫的模型，详尽阐述了该模型的推导过程、模型工作流程以及模型的各个组成模块等。在理论描述后，本文设计了实验用于验证和分析该爬虫的效果和性能。最后对本文的工作总结并展望。,改进型实时爬虫的建模研究及其实现,"计算机软件及计算机应用,搜索引擎,网络爬虫,时新度,实时"
徐显炼,北京邮电大学,北京邮电大学,"随着Internet技术和旅游业的蓬勃发展,特别是近年来人们生活水平的提高以及在线旅游业的兴起,越来越多的用户倾向于网上订购在线旅游线路出游。由于在线旅游线路网页的急剧增多,在线旅游搜索引擎己经成为当前搜索引擎发展的一个重要的研究方向。

	本文首先介绍了分布式在线旅游搜索爬虫系统的研究背景及意义、网络爬虫的研究现状等知识,结合搜索引擎的工作原理以及分布式网络爬虫的相关技术和策略,对本系统中需要用到的关键技术做了详细的分析与研究,其中重点研究了分布式任务分配策略及粒度选择、URL去重技术和在线旅游线路网页的更新策略,并根据旅游线路网页的特点,提出了一个专门针对在线旅游线路网页的判别算法。

	在以上这些关键技术和策略的基础上,设计并实现了一个以用户对在线旅游线路网页搜索需求作为研究背景,以互联网上的旅游度假平台网站和普通旅行社网站内容作为旅游线路信息的采集对象的分布式在线旅游搜索爬虫系统。在系统设计部分,本文按照实现的功能将分布式在线旅游搜索爬虫系统划分成了四个主要模块,分别为控制服务器、爬虫服务器、索引检索服务器以及数据库模块,并对各个模块的结构进行了详细的描述,同时给出了类图设计。最后,详细介绍了控制服务器和爬虫服务器的实现过程,并使用JAVSA作为开发语言,以T0mcat+Apache+MySQL作为开发环境,实现了整个系统。

	为了验证整个分布式爬虫系统的可行性,本文在最后部分使用了5台服务器搭建运行测试环境,对系统进行了功能和性能测试。通过对在线旅游线路网页判别算法准确性进行测试,结果表明该算法能有效地判别一个网页是否为在线旅游线路网页,其准确率达到了90%左右。运行测试结果表明,本文所设计的分布式在线旅游搜索爬虫系统无论是以单台服务器运行,还是整体运行,都能够稳定、高效地采集在线旅游线路网页信息,并根据线路标题建立倒排索引,使用户可以通过一个基于WEB的图形界面方便地检索到所需要的旅游线路信息,达到了设计的目标,对旅游业的信息化有着重要的实际应用价值。",分布式在线旅游搜索爬虫系统设计与实现,"计算机软件及计算机应用,搜索引擎,在线旅游,网页判别算法,分布式爬虫"
陈国华,"
                                        华南师范大学计算机学院

                                    ",华南师范大学计算机学院;,"开放存取(open access,OA)期刊属于网络深层资源且分散在互联网中,传统的搜索引擎不能对其建立索引,不能满足用户获取OA期刊资源的需求,从而造成了开放资源的浪费。针对如何集中采集万维网上分散的开放存取期刊资源的问题,提出了一个面向OA期刊的分布式主题爬虫架构。该架构采用主从分布式设计,提出了基于用户预定义规则的OA期刊页面学术信息提取方法,由一个主控中心节点控制多个可动态增减的爬行节点,采用基于Chrome浏览器的插件机制来实现分布式爬行节点的可扩展性和部署的灵活性。",分布式开放存取期刊爬虫的设计与实现,"计算机软件及计算机应用,分布式爬虫,开放存取期刊,插件机制"
陶荣,"
                                        广西工商职业技术学院

                                    ",广西工商职业技术学院;,"文章首先对主题爬虫的结构进行了简单的分析,网络爬虫的搜索策略主要是通过针对传统网络爬虫无目的性抓取网页来设计的。网络爬虫根据一定的相似度计算公式,按照一定的算法步骤来实现抓取。在设计主题爬虫时,要根据互联网网页量大,更新快的特点,设计稳定的系统,制定相关的主题,采取有效的措施提高主题爬虫的抓取效率。",主题搜索引擎网络爬虫搜索策略的研究与实现,"计算机软件及计算机应用,网络爬虫,抓取,相似度,主题爬虫,爬虫程序,搜索策略"
胡庆宝,"
                                        中国科学院高能物理研究所
;
                                    ",中国科学院高能物理研究所;,"大数据时代如何精确而有效地抓取用户所需要的数据成为了一个至关重要的问题,提出一种可配置的聚焦网络爬虫框架,基于配置文件的设置,构建一个数据采集精确、可控性强的聚焦网络爬虫。在此基础上改进聚焦爬虫工作流程,实现Deep Web表单自动提交以及Deep Web数据抓取。实验通过高能物理研究所网站与手机腾讯微博的数据爬取以及爬虫在高能物理研究所大数据平台上的实际运行效果说明了爬虫设计的有效性与实用性。",DeepWeb可配置聚焦爬虫设计与实现,"计算机软件及计算机应用,互联网技术,聚焦爬虫,Deep Web,大数据"
张明杰,"
                                        西安邮电大学经济与管理学院

                                    ",西安邮电大学经济与管理学院;,"网络舆情数据采集是舆情分析的基础,为了为舆情分析做准备,设计并实现一个以新浪微博为平台的网络舆情数据采集系统,介绍网络爬虫技术,分析系统的主要功能,对系统功能模块进行设计,使用网络爬虫技术实现网络舆情数据采集系统。",基于网络爬虫技术的舆情数据采集系统设计与实现,"自动化技术,网络舆情,网络爬虫,新浪微博,Java"
李祥龙,"
                                        公安海警学院电子技术系

                                    ",公安海警学院电子技术系;,"文章详细介绍了网络爬虫的原理,对需设计的网络爬虫进行深入的研究,包括运用的编程语言,以解析何网页为基础,爬虫运用何算法爬行整个网络,以高效率、高准确度地抓取与部队相关的信息,并保存在数据库中。",基于WEB的网络爬虫的设计,"计算机软件及计算机应用,互联网技术,网络爬虫,多线程,深度优先,WEB抓取"
叶云,"
                                        华南师范大学计算机学院

                                    ",华南师范大学计算机学院;,"随着信息技术的发展,农业信息化成为现代农业发展的必然需求。针对目前农业信息化服务信息整合度低、实时性信息不够等问题,提出了基于聚焦爬虫的农业信息服务平台。聚焦爬虫按照既定需求,实时提取各类相关网页信息,通过信息服务平台进行整合,以友好的方式展示给用户。平台的建设使得用户能够在庞杂的信息中获取全面、适用和及时的农业信息,提高了农业信息服务水平。",基于聚焦爬虫的农业信息服务平台设计与实现,"计算机软件及计算机应用,聚焦爬虫,信息提取,农业信息"
卢昱江,"
                                        湖南工业大学计算机与通信学院

                                    ",湖南工业大学计算机与通信学院;,"网络爬虫,又称网页蜘蛛、网络机器人。随着计算机技术的高速发展,互联网中的信息量越来越大,搜索引擎应运而生。传统的搜索引擎会有返回结果不精确等局限性。为了解决传统搜索引擎的局限性,专用型网络爬虫在互联网中越来越常见。同时,专用型网络爬虫具有专用性,可以根据制定的规则和特征,最后只体现和筛选出有用的信息。",基于Python的专业网络爬虫的设计与实现,"计算机软件及计算机应用,Python,网络爬虫,数据挖掘,搜索引擎"
周萍,"
                                        南京航空航天大学

                                    ",南京航空航天大学;,"通常来说,用户从搜索引擎获取的网页中,大部分都是不符合特定需求的,只有一小部分才是想要的结果。网络爬虫在搜索引擎中扮演着重要的角色,起着关键性的作用。本文主要讲述了基于关键词的网络爬虫,通过使用相关性决策机制和本体的知识来设计出最合适的爬虫抓取路径。和传统的网络爬虫相比较,本文设计的爬虫具有最优性,并通过高准确性来提高搜索效率。",基于关键词的主题网络爬虫,"计算机软件及计算机应用,网络爬虫,基于特定主题的网络爬虫,本体,关键词,知识路径"
王伟,"
                                        常熟理工学院计算机科学与工程学院

                                    ",常熟理工学院计算机科学与工程学院;,"作为最大的社交编程及代码托管网站,GitHub提供了丰富的数据来源。基于Python开源框架Scrapy设计实现了一个Web爬虫,能对GitHub的资源抓取和分析,并进行了结构化处理和存储,可为后续数据分析提供基础。介绍了GitHub爬虫的设计原理、算法的实现方式,对实验结果进行了分析。",基于Scrapy的GitHub数据爬虫,"互联网技术,网络爬虫,数据爬取,Scrapy,GitHub,Python,NoSQL"
陈爱武,"
                                        湖南科技学院教学质量管理处

                                    ",湖南科技学院教学质量管理处;,"网络爬虫是互联网信息获取的重要工具之一,其性能的好坏直接影响到互联网信息检索的准确性,互联网信息复杂多变,造成传统方法的网络爬虫容易抓取到错误信息。论文在此基础上提出了一种并行和分布式技术进行设计,并通过招聘网页信息抓取的实验,实验结果证明该网络爬虫性能稳定,可以提升抓取信息的准确性。",分布式网络爬虫设计,"计算机软件及计算机应用,分布式,网络爬虫,Python,搜索引擎"
李骏,"
                                        海军指挥学院信息系
;
                                    ",海军指挥学院信息系;,"进入大数据时代,互联网已成为各行各业进行信息采集的重要阵地。面对爆炸式增长的网络信息资源,如何快速高效地筛选出所需的信息成为亟需解决的现实难题。在互联网海量数据和专用信息采集人员之间构建一个满足特定需求的信息筛选机制,可以大幅度提高专用信息获取工作效率。主题网络爬虫是所有互联网信息获取手段必须具备的首要环节,为了提高专用信息采集的准确性,文章进行了面向公开网络的用户定制主题网络爬虫技术研究。针对大数据时代信息筛选困难的问题,文章通过将用户的兴趣偏好融入到主题网络爬虫的抓取过程中,有效提高了信息筛选力度,并通过实验验证了文中方法能够提高查准率。",面向专用信息获取的用户定制主题网络爬虫技术研究,"计算机软件及计算机应用,大数据,主题网络爬虫,Pagerank算法,行为分析,用户定制"
罗批,"
                                        国防大学联合作战学院红山口校区

                                    ",国防大学联合作战学院红山口校区;,"新浪微博是数据的重要发源地。为实现数据快速抓取,本文在研究反爬机制的基础上,设计了基于Scrapy的微博爬虫,并对各模块进行了详细阐述。实验表明,该爬虫具有支持关键字匹配、速度快、简单的特点。为研究者提供了快速、准确、方便地获取微博数据的途径。",基于Scrapy的微博爬虫设计,"计算机软件及计算机应用,互联网技术,Scrapy,爬虫,微博"
孙梦蝶,"
                                        南京审计大学

                                    ",南京审计大学;,"大数据审计的研究与应用是近年来审计领域的热点问题,如何获得审计需要的相关数据是开展大数据审计的关键环节。本文首先阐述了开展大数据审计的重要性,分析了目前大数据审计数据采集过程中存在的问题;在此基础上,提出了基于网络爬虫技术的大数据审计方法原理;最后,以某审计项目为例分析了如何采用网络爬虫技术实现所需要审计数据的采集。研究结果为今后开展大数据审计提供了技术方法。",基于网络爬虫技术的大数据审计方法研究,"计算机软件及计算机应用,审计,大数据审计,网络爬虫,数据采集,审计方法"
项宏峰,"
                                        高端印刷设备信号与信息处理北京市重点实验室北京印刷学院

                                    ",高端印刷设备信号与信息处理北京市重点实验室北京印刷学院;,"随着互联网的迅速发展,电商已经成为人们主要的日常消费渠道。以购买计算机相关书籍为例,清楚了解众多种类书籍的相关信息成为一种需求。为解决这种需求进行了一种基于Python语言Scrapy爬虫框架的模拟登陆浏览器和网页解析技术的研究,将获取的电商书籍信息存入Mongo DB数据库或者本地硬盘以便后续进行数据分析。所实现的爬虫程序编程简单、性能稳定,能有效获取电商书籍数据。",基于Python的电商书籍数据爬虫研究,"计算机软件及计算机应用,电商书籍,爬虫,Python,Scrapy框架"
白雪丽,"
                                        山西传媒学院

                                    ",山西传媒学院;,"在分析大数据网络时代爬虫技术重要性的基础上,介绍了基于python语言爬虫技术的基本情况及其特性,并列举了其在实际应用中的案例。",浅析基于Python爬虫技术的特性及应用,"计算机软件及计算机应用,大数据,爬虫技术,Python语言,数据挖掘"
庞瑞江,"
                                        中信银行昆明审计中心

                                    ",中信银行昆明审计中心;,"本文介绍了网络爬虫及主题爬虫原理,结合商业银行内部审计工作实践,探索了主题网络爬虫在商业银行内部审计中的实践应用及未来展望。",主题网络爬虫在商业银行内部审计中的应用,"审计,大数据,智慧审计,网络爬虫"
李石君,"
                                        广东环境保护工程职业学院
;
                                    ",广东环境保护工程职业学院;,"针对传统的主题爬虫在面对动态变化的互联网时存在着主题知识涵盖不全、领域知识更新以及主题资源中心转移等问题。论文提出了一种可动态自适应互联网信息的主题爬虫。其中,可动态选择种子URL的TopicHub算法,相比于传统的静态种子URL的主题爬虫,抓取效率提升了7%以上,查全率提升了5%以上。另外,针对于静态本体库所存在的主题信息涵盖不全、领域知识变化更新等问题,提出了一种可动态扩充领域语义信息的结合静态本体库和动态语义的主题算法简称为SDTP算法。相比于传统的基于静态本体库的算法查准率提升了13%,相比于基于向量空间模型VSM的算法提升了4%。",可动态自适应主题爬虫的研究,"计算机软件及计算机应用,主题爬虫,动态自适应,URL图结构"
左卫刚,"
                                        山西管理职业学院

                                    ",山西管理职业学院;,"本文开发了一套基于Python的网络爬虫,并预留API,从而构建一个新闻聚合系统。新闻聚合系统中的新闻数据需要爬虫来获取,然而不同的网站有不同的页面布局,本研究旨在创建一个能够从不同页面布局中提取数据的开源爬虫,其中包括网络爬虫、API、网络爬虫调度器以及Socket服务器的实现等。开发过程中使用Python语言开发网络爬虫,利用Beautiful Soup作为网络爬虫的web提取工具,以Laravel为web应用程序框架,以PHP作为主要后端语言,承载CMS和API。网络爬虫可以通过利用用户创建的配置文件来适应从不同的页面布局中提取数据,并将提取的数据导出到JSON文件或数据库系统中。",基于Python的新闻聚合系统网络爬虫研究,"计算机软件及计算机应用,网络爬虫,HTML提取,新闻管理系统,应用程序接口"
陈良锋,"
                                        中国科学院合肥物质科学研究院
;
                                    ",中国科学院合肥物质科学研究院;,"传统分布式爬虫系统负载均衡方法仅考虑少量的负载影响因素,未对各爬虫节点负载情况进行全面有效的评估,使得任务量的分配不合理。针对该问题,提出一种面向分布式爬虫系统的高效负载均衡策略。分析影响爬虫节点运行时间的因素,采用BP神经网络构建基于多影响因素的非线性分布式爬虫节点运行时间模型。以该模型预测的各子节点运行时间的最小方差为负载均衡策略的目标函数,并利用带约束条件的改进粒子群优化算法求解目标函数,确定负载均衡的任务分配方案。实验结果表明,该负载均衡策略在满足爬虫节点高性能要求的前提下,能有效缩短分布式爬虫系统的运行时间。",一种高效的分布式爬虫系统负载均衡策略,"计算机软件及计算机应用,分布式爬虫,负载均衡,预测模型,粒子群优化算法,约束条件"
刘忠,苏州大学,苏州大学,"本文将强化学习方法引入到垂直搜索引擎网络爬虫中,设计实现了面向餐饮业的基于强化学习的垂直搜索引擎网络爬虫RL-Spider(Reinforcement Learning Spider)。建立了RL-Spider的流程架构,并设计实现了面向餐饮业的垂直搜索引擎RL-Searcher(Reinforcement Learning Searcher)原型系统。本文主要包括以下几方面内容:


	(1)针对传统搜索引擎爬虫程序抓取信息全但不够细化的特点,设计了一个面向餐饮业领域的聚焦爬虫。提出了基于强化学习的网络爬虫算法,并应用于餐饮类站点的发现中。实验表明,该系统在信息查全率、查准率等方面都有较大的提高。


	(2)针对网络爬虫在URL提取过程中,采用深度、宽度搜索策略等方法,容易使网络爬虫陷入“维数灾”问题,在研究逻辑程序设计与强化学习方法结合的基础上,提出了基于逻辑强化学习的网络自主搜索方法,并在RL-Spider中得到了应用。实验表明,系统在大规模网络爬虫中,可大幅度提高网络自主搜索效率。


	(3)针对在RL-Spider中,“主题网页发现”等方面的问题,根据强化学习的自身策略,实现了强化学习在“主题网页发现”中的应用,并提出Detail页的URL识别算法。实验表明,该算法能够大幅度地提高“主题网页发现”的准确率。


	(4)在RL-Spider架构的Detail模块中,对Detail页面的关键信息进行提取,如Title、Meta、文本信息等,并建立索引、去除无关信息、建立网页快照,采用Lucene建立索引,供查询系统调用。


	(5)设计实现了一个面向餐饮业的垂直搜索引擎原型系统RL-Searcher,并利用该系统对RL-Spider的抓取效果进行了验证和实验数据分析。",基于强化学习的垂直搜索引擎网络爬虫的研究与实现,"互联网技术,强化学习,垂直搜索引擎,聚焦爬虫,RL-Spider,维数灾,RL-Searcher"
周思思,中南林业科技大学,中南林业科技大学,"互联网飞速发展,网民规模不断增加,新型媒体不断涌现,使得网络舆情成为一股强大的舆论力量,影响着社会热点事件的发展,如果不能正确的引导,将严重威胁到社会公共安全。所以,挖掘网络舆情,将对搭建文明网络,稳定社会秩序,促进国家发展做出贡献。网络舆情挖掘大致包括舆情采集、话题发现和分析预测三步。其中,网络舆情数据的采集是重中之重,因为只有及时地采集到真实、可靠、完整的网络舆情数据,才能保证之后的深入分析真实、可靠、具有实际指导意义。本文主要研究的就是网络舆情数据采集技术,在分析了网络舆情及其来源的特点后,针对现有的网络舆情信息的采集技术存在的不足提出了改进方法。

	首先,网络舆情采集的工作是采集到同一主题事件网民言论,可以采用主题爬虫来实现。主题爬虫能够提取相关URL链接,预测下一步爬取的链接,从而有效地抓取与目标主题相关度高的网页,但是现有的主题爬虫在及时性和完整性上达不到舆情分析的要求,本文通过文献学习,理论上认识到使用隐马尔科夫模型(Hidden Markov Model, HMM)指导网络舆情采集是可行的,并对现有HMM爬虫进行分析,针对其不足,从网页训练集聚类策略、主题相关度判别算法和HMM建模方式三个方面提出了改进的方法,用来提高HMM爬虫的性能。

	其次,网络舆情的栖息地是微博、博客、论坛和新闻评论这样的新型网络载体,大多都采用了异步交互的AJAX技术来提高用户体验,导致传统爬虫无法采集到这些动态生成的信息,大大降低了网络舆情采集的覆盖率,为了解决这一问题,本文在HMM爬虫中增加了AJAX页面爬取单元,用以完成AJAX页面的网络舆情采集工作,完成了本文AHMM(AjaxHMM)爬虫的设计。

	最后,研究了开源系统Nutch,将改进后的能够爬取AJAX页面的HMM爬虫(AHMMCrawler)和Nutch系统结合使用,替换掉Nutch系统原有的爬虫系统,搭建了实验模型,列出了实验环境和详细的实验步骤,进行了对比实验,验证了本文理论的准确性和有效性,证明了本文设计AHMM爬虫不但具有重要的理论价值,而且有广阔的应用前景。",基于隐马尔科夫模型的网络舆情挖掘,"互联网技术,HMM,AJAX,网络舆情采集,AHMM爬虫"
胡亚楠,哈尔滨工业大学,哈尔滨工业大学,"随着Internet和信息技术的快速发展,互联网上的信息空前丰富。Web按其信息蕴藏的深度可分为Surface Web和Deep Web,Deep Web数据资源包括需要通过查询接口查询才能生成的页面和只有登录后才可查看的专有网络信息。搜索引擎的出现,一定程度上解决了查询信息的需求,但是传统搜索引擎无法索引到这些Deep Web页面。如今快速兴起的社交网站,吸引了大量的活跃网络用户,其Web信息资源更丰富并且具有很高的价值。本文分析了针对社交网络信息数据获取的框架,设计了抓取Twitter、Facebook和人人网的爬虫,并且给出了爬虫管理和数据展示的设计与实现。具体研究工作如下:

	1.研究了Deep Web爬虫的框架和模块设计。Deep Web包括可搜索数据库和专有网络。针对可搜索数据库,爬虫首先要发现数据源,然后对查询接口归约,再把抓取结果聚合。针对专有网络,爬虫首先要获得网站授权,然后抓取页面,再对页面进行分析,最后把结果聚合。

	2.设计实现了Twitter、Facebook和人人网的爬虫。Twitter爬虫的数据获取策略是首先通过OAuth认证获取Access Token,然后调用Twitter API增量抓取用户Twitter数据。Facebook爬虫,抓取策略是使用HtmlUnit登录,获得一个Access Token,然后调用Facebook Graph API增量抓取用户的新鲜事,解析返回的JSON数据并且统一格式。人人网爬虫抓取策略是使用HtmlUnit构造浏览器WebClient登录,并保存Cookie,然后使用WebClient增量抓取用户页面,解析状态和日志。经过功能测试和大规模性能测试,爬虫能够满足实际工作需要,具有稳定性和适应性。

	3.研究了爬虫管理系统的实现。设计了一个管理控制台和部署在每个抓取机器上的守护程序,他们通过互相通信来实现管理控制爬虫节点的任务分配与负载平衡。守护程序监视爬虫节点运行并解析普通爬虫抓取的数据入库。经过实验测试分析,管理系统能够准确完成设计的功能,并且在大规模通信和数据情况下,性能良好。

	4.研究了利用Flash的ActionScript2.0语言实现信息可视化效果。完成了抓取数据的可视化展示的动态饼状图。",社交网络数据获取技术与实现,"互联网技术,Deep Web,社交网络,爬虫,HtmlUnit,Access Token"
周茜,厦门大学,厦门大学,"在互联网走进世界每一个角落的今天,互联网信息在不断地膨胀,每日互联网将产生大量的数据,其中涵盖了每天发生发展的各种各样的事件,可谓覆盖人们生产生活的方方面面,这其中包含了大量富有价值的数据,同时又有绝大部分我们不关心的数据,如何从如此海量的信息中抽取有价值的数据,是我们急需思考的问题。

	系统使用蜘蛛爬虫技术,结合实际需求开发互联网采集系统,使用定向采集思想,快速定位采集符合业务需求的互联网数据,然后将采集结果数据通过文本聚类,归类出符合特性条件的数据集合,以方便后续其他业务的数据支持。本系统采用java语言面向对象的思想,lucene搜索引擎技术做底层数据检索支持,开源的中文分词器IK,应用方面实现SSH经典Web开发框架,展现一个简单的互联网信息采集分类系统。

	系统能够为有互联网数据分析需求的个人、企业或者政府提供需求数据的先期过滤聚类,为各种复杂业务的数据分析提供一期标准化数据,在当今这个数据时代里,能发挥很好的作用。",基于网络爬虫的信息采集分类系统设计与实现,"计算机软件及计算机应用,信息采集,网络爬虫,Lucene"
王晓辉,中南民族大学,中南民族大学,"搜索引擎是一种不可缺少的信息捕获工具，为互联网用户提供搜索服务，极大提高了用户从互联网中获取信息的速度。但是，在“大数据”时代带来的信息量和信息资源多元化的冲击下，搜索引擎在捕获信息的速度和主题相关度等方面遇到了新的挑战。因此，下一代搜索引擎是目前研究的一个热点。

	针对搜索引擎后台网络爬虫从互联网中抓取到信息资源时，队列对URL字符串处理能力的不足，本文设计并实现一种快速处理存取数据的散列算法，它能够在真实值和键值之间建立一一对应的关系，快速把进入到爬虫队列中的字符串数据转化为一种线性表结构，能够改善队列处理字符串的能力，提高爬虫的性能。并搭建了搜索引擎的网络环境，选择Heritrix爬虫作为网络爬虫框架，对在爬虫中加入散列算法进行测试。实验结果证明，在加入散列算法之后的网络爬虫，搜索效率提高，抓取速度得到明显的提升。

	针对搜索引擎反馈信息主题相关度低下的问题，从网络爬虫入手，提高网络爬虫捕获到页面的主题相关度。考虑向爬虫中加入具备相关度判别的遗传算法，将特定主题类型的内容抓取下来，与主题无关的内容忽略，便可以提高查找的准确率。策略的基本思想是结合遗传算法和基于内容的空间向量模型，以遗传算法的全局查优特点保证爬行的整体性，以网页之间的相互关系来确定网页的重要程度，以空间向量模型来确定与主题的相关度。对网络爬虫进行改造后，采用固定关键字对其测试，与改善之前进行比较，抓取到的总页面数和与主题相关的页面数都有提升，而且主题页面所占比例提高了约30%，提高了系统查找信息的准确率。",智能信息检索系统的设计与实现,"计算机软件及计算机应用,搜索引擎,爬虫队列,散列算法,遗传算法,主题相关度"
王笑琨,中央民族大学,中央民族大学,"移动互联网的迅速增长使得搜索引擎面临巨大的挑战,搜索引擎如何适应这种变化以及如何提供更优质的检索服务成为了一个备受关注的问题,作为其重要组成部分的网络爬虫算法成为人们研究的热点。通用网络爬虫由于爬行的规模较大,爬行页面内容比较杂乱,不能满足用户对于特定信息以及兴趣主题的集中爬行。面向主题的网络爬虫可以有选择的爬行与主题相关的网页,有效的减少了爬行页面的数量,而且提高了抓取的准确度并满足了用户对特定主题的搜索需求。

	形式概念分析是一种基于概念格的数据分析方法,自从形式概念分析理论提出以来,它就因为知识表示的直观、简洁等特点受到研究者的广泛关注,已经在软件工程、图书馆和信息科学、数据挖掘等诸多领域得到了广泛的应用。

	本文通过研究现有主题爬虫的原理,提出了将形式概念分析这一数据分析工具应用到主题爬虫的有关算法中,将概念格应用到主题相关性分析以及排序算法,从而改进了爬虫的相关算法。本文的研究工作主要有：

	首先,本文通过对形式概念分析理论的学习,认真研究了其核心概念格上概念间的关系以及概念格的结构,联想到将概念格融入到主题爬虫的算法中。

	其次,重点研究了主题爬虫的原理,包括对其结构,搜索策略,pagerank排序算法和主题相关度的研究,改进了基于概念格的主题相关度算法并将其用来计算爬虫的主题相关度。分析了pagerank排序算法的缺陷,并在此基础上结合概念格提出了改进的pagerank算法。",基于形式概念分析的聚焦爬虫算法,"计算机软件及计算机应用,形式概念分析,概念格,主题相关度,pagerank"
李五一,杭州电子科技大学,杭州电子科技大学,"目前，随着国民经济的快速发展，房地产市场交易日趋活跃。信息技术的快速发展，带动了房地产行业的信息化进程。房产门户网站在市场交易中的影响愈来愈深刻，如58同城，21世纪不动产，新浪乐居等，从房产门户网站获取房屋信息进行比较选择是愈来愈多购房者的首选。而对于政府部门来说，建立一个覆盖面广、信息准确的基础房产信息数据库有着重大意义，可以有效提高税收工作的效率，防止偷税漏税、阴阳合同等现象出现。


	本文通过对房地产信息特点的分析和互联网信息搜索与匹配技术的研究，实现了一个基于主题爬虫技术的房地产交易信息系统。首先，研究并提出了一种基于URL知识库的主题爬虫方案。该爬虫通过收集父网页内容、锚信息、URL内容计算得到目标网页与主题的相关度，在此基础上提取URL的特征并将其表示成一个带权重的向量来构建一个URL知识库，并对URL不断学习来动态更新URL知识库，以提高网页主题的匹配度。然后，研究并设计了基于遗传蚁群算法（GA-ACA）的信息搜索策略。GA-ACA算法主体过程运用遗传算法，利用遗传算法的随机性、快速性、全局收敛性，并结合蚁群算法的并行性、正反馈机制以及高效率的求解过程。一方面通过蚁群算法的信息素来指导遗传选择，另一方面遗传算法的选择结果引起信息素的更新，并用于指导下一次的遗传选择，使两种算法优势互补。最后，实验表明以上方法的应用在爬虫系统的查准率、查全率上较Shark-Search算法提高了5%，比Best-First-Search算法提高了20%左右。",房地产交易信息搜索和匹配技术的研究与实现,"计算机软件及计算机应用,自动化技术,主题爬虫,向量空间模型,URL知识库,蚁群算法,遗传算法"
张翼飞,大连理工大学,大连理工大学,"本文系统地阐述并实现了如何统计和分析各大团购网站中的团购信息,主要目的是从各大网站中统计团购商品的各种信息,并加以分析,得出每个折扣区间段,每个城市,每个月份的商品团购情况。本文的研究范围限定在各大团购网站的团购商品中,如美团,拉手,24券等团购网站的团购商品信息。


	在本系统的实现过程中,采用了爬虫和数据库技术,爬虫是用来大规模捕捉和处理网络信息的一种有效方式。本文用爬虫的主要用途是自动抓取各大团购网站上的团购商品信息,并对内容加以分析处理,以得到团购商品的各种信息。爬虫的优点是可以迅速地,自动地从页面中提取团购商品的信息,实现系统的自动化。数据库则是用来负责团购商品数据信息的处理,包括保存和读取,一方面可以保存爬虫抓取到的团购信息数据,另一方面可以在数据库内部加以处理,提供给用户更加全面的团购商品的查询信息。


	本系统的最终体现是一个独立的工具,用户可以通过该工具自定义自己要抓取的团购信息,也可以通过本系统的查询页面自定义查询条件,来查看相关的团购信息总体情况,以了解整个团购市场的情况。


	从本系统的查询界面中,用户可以输入查询的各种需求,来查看符合条件的团购商品情况以及整体的团购商品售出情况分布。在这些查询统计结果中,可以发现,折扣在3-4折的团购商品最受消费者欢迎,从商品价格方面来看,10-50元之间的商品最受欢迎,从季节来看,团购商品在夏季的销量要好于其他三个季节。因此,团购商家在选择自己提供的团购商品的时候,可以充分地考虑到这些方面的因素,了解市场状况,以推出让广大消费者更受欢迎的团购商品。",团购网站数据统计与分析系统的设计与实现,"计算机软件及计算机应用,互联网技术,团购,爬虫,接口,数据库"
刘敬博,燕山大学,燕山大学,"Web2.0时代的到来，不仅改变了我们对传统互联网的使用习惯，更是掀起了Web时代的新变革。作为社交网络和移动互联网的典型代表——新浪微博拥有5亿多注册用户，庞大的用户群体和每天产生的海量数据集使得一个真正的双向传播和新媒体时代初具规模。本文针对微博数据的在线采集，分析了传统网络爬虫采集的局限性及国内外现有研究及设计方案的优劣后，提出了支持云计算扩展的微博网络爬虫设计方案，研究设计基于HTTP协议通信数据包分析，分布式计算及Hadoop分布式文件系统HDFS的技术原理。具体研究的问题有以下几个方面：

	首先，分析了Web2.0网络应用在线数据采集的研究现状和局限性，提出以模拟浏览器方式登录微博，解决由登录问题导致信息无法采集的问题，分析现有oAuth授权调用微博API方式获取信息方案的不足，提出以模拟浏览器方式访问的网络爬虫方法进行微博数据的在线采集。

	然后，对于微博产生庞大的数据量，在评估了重构Nutch搜索引擎框架中传统网络爬虫采集、解析功能的风险后，依据分布式计算原理，提出了分布式微博爬虫的架构，并根据此架构详细介绍了各模块间的核心业务逻辑。

	再次，进一步扩展了分布式微博爬虫的功能，提出了两种工作模式：普通模式和云计算扩展模式。其中普通模式Web信息抽取工作依据正则表达式和BeautifulSoup框架提供的XML检索接口完成；云计算扩展模式则提出了支持Hadoop分布式文件系统HDFS。扩展模式产生键值对形式的采集数据，并将资源副本输出到HDFS上，实质为MapReduce计算框架提供了文件输入端。

	最后，实现了上述的功能模块，并进行了验证。",支持云计算的微博在线采集方法研究与应用,"互联网技术,网络爬虫,分布式系统,微博信息,Hadoop,MapReduce"
闫言,湖北大学,湖北大学,"随着大数据、云等概念被引入到移动应用领域,在移动应用上获取资讯服务、开展商务办公等活动拥有了很大的便利。中小微企业热切期望能拥有企业自身的移动应用,但是却面临移动应用开发花费过高,不能承受对移动应用长期维护成本的困局。本文希望实现采用网络爬虫程序自动获取企业网站数据,填充到应用模板中,自动生成和维护移动应用的系统,在能够满足用户功能性需求的前提下,极大减少中小微企业的移动应用开发维护花费,为中小微企业带来便捷使用移动应用的方法。本文使用网站内容管理系统PHPCMS,基于此做出了适当二次开发,搭建了服务器端。应用安卓的原生开发技术,实现移动应用的自动打包生成,允许用户个性化的选用模板设计独特的移动应用。通过对网络爬虫的设计,完成了移动应用的自动维护,最后使用J Query-Mobile制作移动终端用户界面。本文有以下创新点:一、项目创新性的采用PHPCMS网站内容管理系统作为服务器端,经过较少二次开发,应用安卓的原生开发技术,加快了项目进度,解决了企业移动应用的自动生成问题。应用的自动打包和生成使用到的技术要点有:通过PHP运行命令、将数据添加到应用模板、JAVA解析、Android打包、签名等等。二、项目为了解决了企业移动应用的自动维护问题,特开发了一种网络爬虫程序对企业网站信息进行周期性的数据采集,并存储到系统服务器中以提供移动应用获取更新。针对企业各种类型的Web文档,本文通过网络爬虫对企业网站网页进行遍历采集,使用HTML解析器NekoHTML,将爬虫程序爬取的网页源代码转码成XML代码。最后依靠正则表达式和XML方式语言结合,从XML代码中解析提取移动应用的更新数据,实现移动应用的自动更新。三、为了提高带有图文杂糅数据的HTML页面,在服务器端和移动应用端的传输的效率,创新的使用base64编码方式将页面转码。这里,我们首先分析了超文本标记语言代码可以实现的四种缓存形式,当使用浏览器读取超文本标记语言的页面时,会先对页面的DOM树进行解析,对整个超文本标记语言页面解析完毕后才会对页面的外部文件进行下载,包括图片、音频和视频等信息。而要通过JS来读取带有多媒体信息的超文本标记语言页面,必须先为JS设计一个超文本标记语言DOM解析工具,开发时间长,而且会拖慢软件运行效率。所以,能够实现的解决方案是将超文本标记语言页面信息编码为一个独立的完整页面,然后统一发送到客户端。于是,本文釆用DataURLScheme把图文杂糅页面编码成base64字符,然后进行传输,提高了传输效率。本系统最终实现了模块化的移动应用开发和自动的应用维护。用户只需要通过积木拼装的方式,即可完成Android原生应用开发并自动维护,基本没有技术门槛,开发维护费用极小。",基于网络爬虫程序的android app生成维护系统,"计算机软件及计算机应用,移动应用,生成维护,爬虫程序,PHPCMS,超文本标记语言"
赵彦松,东北大学,东北大学,"互联网的信息非常丰富,提供了许多有价值的信息。大数据及其应用正是基于互联网海量信息的价值提取,这为互联网乃至若干行业企业的用户交互和商业运营提供了全新的方式,并改善了用户的网络访问体验和消费方式。管理信息系统不仅能够对专题信息进行标准化数据管理,为其他业务应用提供数据支持,也为企业的业务决策提供了有力支持。但因传统管理系统依赖需求设计的局限性,已不能满足快速发展的网络应用。而管理信息系统的数据往往处于系统软件的封闭环境,数据生成和管理都有软件系统提供,这导致数据管理成本高、数据价值单一僵化等问题。而数据开放的管理信息系统,其数据来源动态且多样,打开其数据渠道,丰富数据来源的深度和广度,对未来的进一步数据分析奠定基础。网络爬虫为现代互联网信息检索提供了有力的技术支持,也为未来开放的管理信息系统提供全面的数据解决方案。本文正是面向管理信息的专题数据需要,研究基于网络爬虫的数据采集技术。本文首先简要介绍了互联网信息采集技术的主要方式,全面分析了网络爬虫技术尤其是主题爬虫技术的基本原理和最新进展,并以中国美术家为专题,结合主题爬虫和通用爬虫技术,设计数据采集系统。本文利用主题描述和初始化的权威种子站点,提出了权威站点队列和关键词队列的生成算法;基于VSM算法,结合权威站点队列和关键词队列,设计了主题相关性判定算法。系统开发完成后,经过功能及性能测试,基本达到预期设计目标。本文最后对网络设计采集技术和系统设计相关工作进行了总结,并指出了系统当前存在的不足和未来改进的方向。",基于网络爬虫的数据采集系统设计与实现,"自动化技术,网络爬虫,主题爬虫,VSM,管理信息系统"
翟涵,北京邮电大学,北京邮电大学,"随着互联网的飞速发展,Web应用系统已经被广泛应用在医疗、教育、理财等各个领域。Web应用由于易用性、开放性和易于开发性等特点,其安全问题也日益凸显。攻击者利用Web应用程序的漏洞进行恶意攻击,不仅严重威胁到用户的信息安全,而且给用户和企业带来巨大的经济损失。Web安全问题已经上升到了国家安全的级别,引起国家和人民的高度重视。为保障Web应用安全,及时发现漏洞并修补漏洞成为一件很重要的事情。使用Web应用漏洞扫描技术,要求站在攻击者的立场审视Web应用的安全环境。其实质是,构造用以检测某种漏洞的数据包,并发送HTTP请求到服务器,通过分析响应信息,对目标站点是否存在某种特定漏洞进行判断,从而发现系统的安全问题,提高网络系统的安全性,更好地保护用户数据。作者在理解网络爬虫技术、SQL注入攻击原理、XSS攻击原理的基础上,通过大量的攻击模拟实验,掌握SQL注入和XSS的攻击模式,设计更为全面的漏洞测试样例库。在本文中实现了使用广度优先爬取策略对Web页面进行爬取,之后将抓取结果进行分发至SQL注入和XSS漏洞检测中间件;检测时以大量的漏洞测试样例为基础,对可能的注入点构造有针对性的攻击测试;实施模拟攻击之后,将攻击成功的结果计入漏洞数据库存储,最终生成报告。本文的具体工作从以下几个方面进行:1.学习并总结国内外关于Web安全扫描工具的相关研究和设计,形成自己的思路,给出论文的组织架构。2.学习并研究漏洞检测的关键技术。在对网络爬虫、SQL注入漏洞和XSS漏洞的攻击模式的研究的基础上,完成Web安全扫描工具的总体架构设计;在对爬虫、SQL注入和XSS漏洞检测工具的研究的基础上,完成Web安全扫描工具的各个功能模块的详细设计。3.在对Web安全扫描工具的整体架构的设计以及各功能模块的详细设计的基础之上,实现Web安全扫描工具的各个模块的功能。4.对Web安全扫描工具进行测试,根据扫描的结果对Web安全扫描工具进行改进,进而提高其扫描效率和准确率,从而开发出更加完善的基于网络爬虫的Web安全扫描工具。",基于网络爬虫的Web安全扫描工具的设计与实现,"互联网技术,Web安全,漏洞扫描,网络爬虫,SQL注入,XSS"
吴礼发,"
                                        解放军理工大学指挥自动化学院

                                    ",解放军理工大学指挥自动化学院;,"网络信息资源的迅猛增长使得传统搜索引擎已经无法满足人们对有用信息获取的要求,作为搜索引擎的基础和重要组成部分,网络爬虫的作用显得尤为重要,该文介绍了网络爬虫的基本概念、爬行Web面临的困难及应对措施,其次从体系结构、爬行策略和典型应用等方面研究了通用网络爬虫、聚焦网络爬虫、增量式网络爬虫和深层网络爬虫四种常见网络爬虫,最后指出了进一步工作的发展方向。",网络爬虫技术的研究,"互联网技术,搜索引擎,网络爬虫"
陈海建,"
                                        上海电视大学松江分校信息工程教研组
;
                                    ",上海电视大学松江分校信息工程教研组;,"随着互联网的快速发展,搜索引擎的应用越来越重要,作为搜索引擎的首要组成部分网络爬虫一直备受人们的关注。主题爬虫作为网络爬虫的重要种类使用越来越广泛,深入分析的网络主题爬虫关键性原理有助于根据需求设计出科学合理的爬虫。",深入解析Web主题爬虫的关键性原理,"计算机软件及计算机应用,网络爬虫,主题爬虫,爬虫算法"
张继山,"
                                        黑龙江绥化学院信息工程学院

                                    ",黑龙江绥化学院信息工程学院;,"爬虫系统,被广泛应用于计算机各个领域,对于爬虫系统的研究和改进从来没有停止过。目前对于爬虫系统研究最关注的自然是爬虫系统的效率问题,如何才能够提升爬虫系统的效率,是我们目前为止研究的一个大方向。我们的研究从解剖爬虫系统开始。爬虫系统包括运行机理,构架以及算法组成,要想提升爬虫系统的效率,我们就必须优化它的构架,改进相关算法,针对爬虫系统进行一个全面的优化,从而达到提升爬虫系统效率的目的。在Linux网络环境之下,我们为了提高爬虫系统对页面的抓取效率和爬虫程序的完整性能,我们进行了反复的实验,结果表明,我们的解决方案的确有可行之处。",基于Linux的网络爬虫系统改进研究,"计算机软件及计算机应用,爬虫系统,Linux系统,改进和研究"
王文贤,"
                                        四川大学计算机学院网络与可信计算研究所

                                    ",四川大学计算机学院网络与可信计算研究所;,"为了开发一款面向P2P网络电视主动测量研究的高性能爬虫系统,提出了一种基于节点度排序的节点信息爬行算法。该算法首先使用类似广度优先遍历的策略对网络电视覆盖网进行节点信息的初始爬行,然后对爬行结果获得的节点列表进行基于节点度大小的排序,最后将排序后的结果作为输入提供给分布式爬虫以实施节点信息的实时采集。实验结果表明,基于度排序的分布式爬虫系统相比现有的其他爬虫具有更快的爬行速度,该爬虫可以在30 s左右完成对一个拥有7 200左右用户规模的流行节目的爬行,为采集准确的PPTV节点信息快照并实施主动测量研究提供了解决方案。",基于度排序的P2P IPTV分布式爬虫系统设计与实现,"互联网技术,P2P技术,度排序,分布式架构,爬虫系统,PPTV网络电视"
邓焕根,"
                                        广西大学计算机与电子信息学院

                                    ",广西大学计算机与电子信息学院;,"互联网技术的迅速发展,使得其在当今社会中承载传递的信息日趋增大,在给人们的生活带来方便的同时,也给相关领域的网络舆情管理工作带来了一定压力。爬虫技术是互联网搜索引擎通过一定的指令性程序,对网页进行信息提取技术,是当前有针对性地进行舆情的基础要素。以网络爬虫技术在舆情分析中的应用为中心展开讨论,介绍了互联网舆情检索技术的基本构成,分析了爬虫技术的特点,提出了优化网络爬虫技术的相关方案,同时通过实例进行了验证,具有一定的借鉴价值。",网络爬虫在舆情监测中的应用研究,"计算机软件及计算机应用,网络舆情,网络爬虫,网络资源,爬虫测速,主题更改"
郭小丹,"
                                        西藏民族大学信息工程学院

                                    ",西藏民族大学信息工程学院;,"介绍了网络爬虫的工作原理和关键技术,列举了部分开源网络爬虫,并对Heritrix、Nutch、Larbin等几种开源网络爬虫功能特点的和使用范围进行了比较。",几种开源网络爬虫功能比较,"计算机软件及计算机应用,网络爬虫,功能比较,Heritrix"
庄冬梅,"
                                        惠州学院计算机科学系

                                    ",惠州学院计算机科学系;,"介绍主题网络爬虫的工作原理,结合其功能,提出农产品供需对接系统中主题网络爬虫的设计模块,并对各个模块的设计及功能进行分析,对该系统的主题网络爬虫进行具体实现。当该系统的有效帖子数量低于某个阈值时,主题网络爬虫可以从其他同类网站抓取相关的信息,并建立索引,使该系统能更好地向用户进行推荐,让用户获得有用的信息。",农产品供需对接系统中主题网络爬虫的设计与实现,"计算机软件及计算机应用,互联网技术,农产品供需对接系统,主题网络爬虫,信息采集"
胡鹏,"
                                        江西财经大学软件与通信工程学院

                                    ",江西财经大学软件与通信工程学院;,"互联网是信息的载体,随着信息量的迅速增长,给用户检索获取需要的互联网学习资源增加了难度和时间。因此,学习资源爬虫是亟待研究与解决的问题。实现学习资源爬虫系统的关键为:首先界定互联网学习资源的概念、类型、格式形态,然后设计学习资源爬虫结构以及抓取、解析、去重、下载功能,最后根据系统开发环境实现爬虫结果。借助webdriver、Firfox浏览器并结合反网络爬虫策略,解决动态网站脚本与服务器异步交互时的数据丢失问题,进行完整、自动、高效的批量内容下载,优化学习资源获取的准确率与效率,以获取更有价值的学习资源。",学习资源爬虫系统设计与实现,"计算机软件及计算机应用,互联网技术,网络爬虫,Web网页,学习资源"
刘书影,"
                                        安徽新华学院

                                    ",安徽新华学院;,"首先介绍了网络爬虫的定义,给出其分类及工作原理,最后在介绍垂直爬虫Web magic框架的基础上,设计并实现了基于Node.JS的轻量级网络爬虫,并应用于交通应急网站新闻抓取模块,效果较好.",基于Node.JS的轻量级定向爬虫算法的设计与应用,"计算机软件及计算机应用,网络爬虫,Web Magic,搜索引擎,Light Crawler"
麻少秋,"
                                        浙江东方职业技术学院

                                    ",浙江东方职业技术学院;,"针对当前网络上信息呈爆炸式增长的态势,我们如何更好更快地获取有效信息就成了一个问题。我们获得信息最主要的途径就是通过搜索引擎,网络爬虫在整个搜索引擎中起着最为重要的作用。研究网络爬虫的功能和结构、设计并实现一个基于广度优先爬行策略的带URL消重功能的网络爬虫、对该网络爬虫进行测试验证爬行效果和对设计的三种消重算法的性能进行比较研究,提高爬虫的爬行效率;最后,采用广度优先的爬行策略,验证了该爬虫的爬行效果。",网络爬虫的研究与设计,"计算机软件及计算机应用,网络爬虫,广度优先,搜索引擎"
云洋,"
                                        山东省青岛第五十八中学

                                    ",山东省青岛第五十八中学;,"互联网中包含大量有价值的数据,网络爬虫通过既定规则可以自动地抓取互联网数据并下载至本地存储。研究网络爬虫的工作原理和基于Python网络信息爬取技术模块功能,基于RequestsBeautiful Soup技术构建图片爬虫实现网页图片爬取,详细阐述了百度贴吧美图吧图片爬虫程序的采集、解析、爬取和存储过程,实验结果证明基于Python的Requests-Beautiful Soup技术可快速构建图片爬虫程序实现对网页图片数据的自动解析和爬取,程序简单有效并且数据采集速度快。",基于Python的图片爬虫程序设计,"计算机软件及计算机应用,互联网技术,Python语言,网络爬虫,Request-BeautifulSoup,图片爬取"
王永滨,"
                                        中国传媒大学计算机与网络中心

                                    ",中国传媒大学计算机与网络中心;,"互联网的迅速发展,数据不断增加,使得个性化数据的获取难度越来越大。主题爬虫作为一种垂直检索方式,已经成为一个热门研究领域。传统的主题爬虫往往是通过网页链接之间的关系下载网页,然后再计算下载的网页与给定主题之间的相关关系。传统的主题爬虫一方面割裂了网页链接结构和网页内容主题之间的关系,使得两个部分分开计算;另一方面下载过程的网页主题相关性不强,会下载大量的主题无关网页。本文提出一种新的基于PageRank算法主题爬虫算法将网页主题相似度计算与传统的PageRank算法相结合,将网页链接结构与网页主题相关性结合在一起。另外本文将语义相似性引入到主题爬虫里,实验结果表明本文提出的基于语义相似聚合的主题爬虫算法大大提高了主题爬虫的查全率。",基于语义相似聚合的主题爬虫算法研究,"计算机软件及计算机应用,主题爬虫,PageRank算法,语义相似,相似聚合"
孙冰,"
                                        中国石油大学计算机与通信工程学院

                                    ",中国石油大学计算机与通信工程学院;,"本文主要详细介绍如何应用Python语言实现一个多线程的网络爬虫程序,并在此基础上搭建特定的测试网站将串行爬虫程序和多线程爬虫程序的运行效率进行对比,进而给出提高网络爬虫性能的具体方法。",基于Python的多线程网络爬虫的设计与实现,"计算机软件及计算机应用,互联网技术,Python,网络爬虫,多线程"
李俊华,"
                                        哈尔滨广厦学院信息学院

                                    ",哈尔滨广厦学院信息学院;,"随着大数据与人工智能时代的来临,有效地获取和利用信息成为了一项挑战,从而使网络爬虫越来越受到人们的重视与青睐。Python以其简单和强大的功能在网络爬虫方向脱颖而出。本文将介绍有关Python网络爬虫的相关知识,同时实现一次爬取豆瓣影评评论,并运用可视化库生成词云,并对其进行分析。",基于Python的网络爬虫研究,"计算机软件及计算机应用,网络爬虫,Python,可视化"
苗学芹,"
                                        云南师范大学泛亚商学院

                                    ",云南师范大学泛亚商学院;,"在大数据的环境下,网络资源越加丰富,传统的搜索引擎已经不能够满足大众获取信息的需求,随着计算机逐步的发展,网络爬虫的出现进入了人们的视野。本文主要讲述了网络爬虫的概念、模块以及操作流程,并通过给定的网址快速爬取影评信息,进行分词做成词云图形式展示出来。",基于Python聚焦型网络爬虫的影评获取技术,"计算机软件及计算机应用,Python,爬虫,影评,正则表达式,词云"
杨凌云,"
                                        浙江经贸职业技术学院

                                    ",浙江经贸职业技术学院;,"对于网络搜索而言,主题网络爬虫对于搜索引擎能够予以灵活的设计,从而顺利实现了全方位的主题搜索。与此同时,主题网络爬虫针对链接或者网页还能予以选择性访问,因此有助于简化访问整个网络的流程与步骤。与通用性的网络爬虫进行对比可见,主题网络爬虫体现为独特的网络引擎优势。由于运用主题网络爬虫能够拟定相应的网络搜索策略,对于主题相关性的页面也能进行妥善的保留。在实践中,针对关键性的主题网络爬虫技术应当着眼于灵活进行运用。",主题网络爬虫关键技术的应用探讨,"计算机软件及计算机应用,主题网络爬虫,关键技术,具体应用"
白杨,"
                                        西安文理学院

                                    ",西安文理学院;,"论文使用Python编程语言,实现了一个基于Scrapy的代理IP定向采集爬虫,可以自动抓取互联网上的代理IP相关信息、进行结构化处理、存储为特定格式并进行可视化展示,以对科学研究与实际应用提供数据支撑。",Python代理IP定向采集爬虫的设计与实现,"计算机软件及计算机应用,Scrapy,代理IP,定向爬虫,Python,SQLite"
孙佳亮,"
                                        中国科学院科技战略咨询研究院
;
                                    ",中国科学院科技战略咨询研究院;,"网络爬虫技术最早应用于搜索引擎,如今已广泛运用于诸多领域,随之而来的法律风险也引起业界的关注。介绍网络爬虫技术概念及基本原理,考察该技术的现实应用,通过对既有案件整理、归纳,梳理爬虫抓取数据行为产生的法律风险,对爬虫抓取数据行为的法律边界进行明确。主张在数字经济时代,界定行为法律边界需要兼顾权利人、网络服务提供者和社会公众利益,重点把握技术中立原则的适用边界、防止技术恶意使用行为;结合具体商业模式和行业特征,判断数据竞争手段的合理性;把握数据合理保护与防止垄断的平衡,警惕数据垄断行为。",论爬虫抓取数据行为的法律边界,"法理、法史,网络爬虫,数据抓取,信息网络传播权,不正当竞争,数据垄断"
刘文杰,"
                                        南京信息工程大学计算机与软件学院
;
                                    ",南京信息工程大学计算机与软件学院;,基于关键词匹配检索的传统通用搜索引擎的爬全率和爬准率均不高，所以基于语义检索的主题爬虫成为信息检索领域的研究热点。针对主题爬虫，首先构建领域本体，建立爬虫主题向量；然后以链接的锚文本相关度，链接所在网页主题相关度和链接指向网页主题相关度作为目标，建立链接主题相关度的多目标优化模型。通过将基于多目标优化的蚁群算法引入主题爬虫的链接选择，采用非支配排序和最近最远候选解法，选取一组Pareto最优链接，以引导主题爬虫搜索方向，提升主题爬虫的全局搜索能力。在相同的实验环境下，以暴雨灾害为主题，对基于多目标蚁群算法(MOACO)的主题爬虫策略和文献中的其他爬虫方法的实验结果进行对比。实验结果证明，所提出的基于多目标蚁群算法的主题爬虫策略效果更佳，爬虫抓取相关网页的准确率明显提升。,基于多目标蚁群算法的主题爬虫策略,"计算机软件及计算机应用,自动化技术,主题爬虫,蚁群算法,多目标优化,暴雨灾害,本体构建"
杨立卓,昆明理工大学,昆明理工大学,"Internet发展速度迅猛,互联网上的信息量越来越大,通用网络爬虫的局限性随之显现出来,用户对其查全率和查准率的需求已得不到满足,特别是对某一领域内的搜索结果不能令用户满意。针对此问题,研究人员在通用爬虫的基础上发明了主题网络爬虫,它在一定程度上改善了通用网络爬虫查准率不足的缺点。

	本文对Google的PageRank算法进行了详细地分析,并对其作了基于链接结构和网页内容的主题相关性改进,提出了结合网页链接和文本内容的主题爬虫算法,对搜索结果进行主题相关度排序,提高了通用网络爬虫的查准率。且针对目前的主题爬虫还存在每次需要点击许多相关网页才能找到感兴趣的内容的问题,本文提出一种基于兴趣推送的主题网络爬虫,通过用户点击行为来发现用户兴趣的兴趣推送算法,并将其与前面的主题相关性结合,使用户使用搜索引擎时不仅能在互联网巨大的信息量中快速找到行业相关网页,而且通过分析和记录用户兴趣,将用户最感兴趣的网页推送到搜索结果前面。

	本文以Eclipse为开发环境,开发了一套数码产品搜索引擎系统来验证改进后的算法的优越性,作者将改进后的算法应用于此系统中。通过对系统的分析和测试,本文设计和实现的基于兴趣推送的数码产品主题爬虫的方案是切实可行的,提高了搜索引擎查询的效率和准确度,且在较大程度上为用户提供了更加便利的搜索服务。",基于兴趣推送的主题爬虫研究,"计算机软件及计算机应用,数码产品,主题相关度预测,兴趣推送,主题爬虫,主题漂移"
董晨曦,北京交通大学,北京交通大学,"伴随着互联网的急速发展,网络信息量以飞快的速度进行增长,搜索引擎成为人们生活中获取信息的不可缺少的方式之一,在现代搜索引擎中,爬虫起到了至关重要的作用,它是搜索引擎的核心,通过爬虫获取足够数量和质量的网页后,搜索引擎才可以依据索引技术为用户提供基于关键字搜索的服务。然而随着网页的爆发性增长,具有相同主题的网站日渐增多,如何快速的抓取网页,更加准确的分析网页信息并且将爬取策略有效的整合到爬虫系统中成为了现在网络爬虫的系统的一个核心问题,也是搜索引擎面临的主要问题。

	本文从互联网较为常见的网站的主题作为基础研究方向,通过站在网站运营的角度和网站设计的理念上对网页框架进行分析,总结出现今网站建设中的主题的相似性,并提取出符合当前网站性质的主题框架,根据框架的行为确定当前网页的主题方向,运用现有的研究思路对网页模型进行分析,并分析现有算法在解决网页模型中的优点和不足,以软件工程的思想为指导,在一定的理论基础上提出相关问题的解决方案的设想,随后设计并实现基于主题框架的主题爬虫并对相关算法进行优化,最后,阐述了相关的实验方法和实验标准,并用现有的理论基础证实了通过此标准得出的实验数据可靠性,通过进行实验数据的分析,比对实验前和实验后的数据证明此算法的优化的可行性。",基于网站内容框架的聚焦爬虫算法的优化和实现,"互联网技术,链接分析,聚焦爬虫,网页模型,超文本分类,信息检索,垂直搜索引擎"
付欣,吉林大学,吉林大学,"近年来随着本体研究的不断深入和发展，有效地进行本体重用已经被认为对于本体和本体发展有着积极有效地影响。很多的学者都为促进本体重用付出了不懈的努力。本体是用于描述一组抽象的事物，并且将这组事物的一些特性也用这种抽象的表示形式表示出来的表示方式，很多时候这种表示方式只限于特定的知识领域中，这是为了方便我们就可以基于此进行推理，重用本领域知识等。在领域内往往需要对概念进行统一化的描述，但是现如今很多的学者和研究机构都定义了他们各自的本体，因此就造成了本体的不统一，给相关领域的知识共享和使用造成了困难。重用特定领域的本体可以有效地避免这一问题。现如今，web和一些在线的数据库中存在着大量的可用本体，并且这种可用本体的数量还在不断地增长。

	本系统中核心的部分就是一个爬虫程序和一个本体构建模块。在爬虫程序中，我们除了要对网页信息进行分析外，还要对页面中的链接信息进行必要的分析，才能得出最好的最全的相关领域中的本体文档。信息检索是计算机科学的子域，其目标是在给定的主题下收集相关的所有文档。在本体构建模块中，我们应用到了现存的本体映射和交互工具PROMPT Suite和本体评估方法OntoClean。文中，我们介绍了一种促进本体重用的针对特定领域的本体采集系统的设计思路，并且最后实现了一个基于聚焦爬虫的web本体采集系统。本文的目标是为成功的重用现有本体，为促进本体重用服务。

	系统中采用了聚焦爬虫技术作为检索方法，对主题相关性判断时我们采用了VSM模型。系统中爬虫部分包含了web信息采集器，页面解析器，本体处理模块，主题相关度判断模块，链接提取器，链接评价器，及初始种子页面采集模块几个部分。本文一个主要的工作就是设计实现了一个本体采集的聚焦爬虫，在爬虫中对待搜索下载的页面的URL进行链接评价，用于存储待搜索URL的队列中的数据结构，不仅存有原URL还存储有该URL相关的父链接和该链接的搜索优先级，聚焦爬虫将选取优先较高的进行下载处理；对于下载得到的本体文档，我们要处理掉里面的大量的URL，我们把这个过程放在了本体处理中，下载每个URL所指向的本体，并且整合到一起。其次，我们深入的研究了向量空间模型，对于向量空间模型文本向量化的思想有了进一步的认识，并采用这种方法作为连接评价和主题相关度评价的方法。在此之外，我们还对于本体构建进行了研究，系统中的本体构建过程分成了本体搜索，本体排序，本体分割，本体映射和合并，本体评估这五个步骤来进行本体构建,使我们最终得到的是结构良好的本体文档；最后，本文设计实现了一个“ontologyCollection”的本体采集系统，系统需要有我们经人工选取的种子URL作为初始URL。“ontologyCollection”是一个服务于本体重用的特定主题的本体采集系统，是本体重用中的一部分。",基于聚焦爬虫技术的Web本体采集系统的设计与实现,"计算机软件及计算机应用,本体采集,向量空间模型,聚焦爬虫,链接评价"
李正文,哈尔滨工程大学,哈尔滨工程大学,"近年来,随着互联网的快速发展,互联网上的信息量日益增长且呈现多元化的特点。于是如何能够迅速、准确而高效地为互联网用户定位所需要的信息,成为搜索引擎的主要目标。通用搜索引擎能够在较大的信息范围内获取信息,但是由于其涉及的领域过于宽泛,因此,在某些特定领域,无法给用户提供专业而深入的信息。于是,主题搜索引擎应运而生,它能够在某一特定领域,提供专业、精确而深入的搜索服务。本文以主题搜索引擎中的主题爬虫为研究内容,研究有效地爬取某一主题范围内网页的策略。

	本文首先对主题爬虫的相关研究进行了综述,从通用爬虫和主题爬虫的主要组成结构、基于文字内容的启发式爬取策略、基于Web链接结构的评价方法,分析了当前爬取策略的优缺点。

	采用向量空间模型将网页用数学方法表示,研究支持向量机算法的相关原理。提出了基于文字内容和部分链接信息的主题相关度预测算法,对未爬取的网页,预测其与主题的相关度。

	对于已经爬取网页,首先使用SVM分类器过滤与主题无关的网页,然后使用HITS算法构建主题子图,选取权威度或中心度高的网页作为下次爬取的起始种子。

	在小型开源搜索引擎TSE的基础上,构建主题爬虫,对爬取策略进行研究。本文将基于文字内容和部分链接信息的主题相关度预测算法、SVM分类算法和HITS算法相结合,实现了基于SVM分类的主题爬虫。实验表明,本文提出的基于SVM分类的主题爬虫,能够较好地爬取与主题相关的网页。",基于SVM分类算法的主题爬虫研究,"互联网技术,自动化技术,向量空间模型,HITS,SVM,主题爬虫"
王珏,复旦大学,复旦大学,"本论文结合了实体分析、网络结构分析、隧道技术于一体并加以算法上的改进,提出了基于URL及上下文并行分块处理的主题爬虫算法。本算法对主题进行了实体分析,根据知网的义元关系,将主题描述词进行扩展,作为主题相关度分析算法的输入。主题相关度分析算法将页面分成多个含有唯一链接的数据块,在网络结构与文本内容两个方面并行分析每个输入数据块中的链接,根据链接本身结构与父页而的相符度而得出网络结构相关的评分,根据数据块中主题描述词的词频与位置信息得出该链接在文本内容方面的评分。通过可调参数α调整两个因素在总分中的重要程度,得出此链接的主题相关度总评分。若总分大于设定阈值,则判定此数据块中的链接是与主题相关的。本主题爬虫在主题相关性分析中加入了改进的逐级过滤隧道技术。从一定隧道层数范围,以设定的评分阈值过滤小于此隧道阈值的链接,挑选出真正的前沿性链接,避免无关网页的抓取,使爬虫在适当的性能保证下提高召回率。实验结果充分验证了本论文提出的丛于URL及上下文的并行分块处理主题爬虫是个高灵活性、高准确度、适用于最大爬行层数为4-6的小型主题爬虫。",基于URL及上下文的并行分块处理主题爬虫研究,"计算机软件及计算机应用,主题爬虫,链接分析,本体描述,并行处理"
牟忠波,东北大学,东北大学,"伴随着当今信息量日益剧增的趋势,一系列技术都迅速的涌现,云计算就是其中一个,而且已经成为目前的一个主流研究方向,成为未来一个重要的发展趋势。在这个大环境下很多大型公司也都加入了云计算的研究开发中,如：Google、IBM和Amazon等,应用的领域也越来越广泛。为了便于学习和研究,实验室也对云计算制定了研究计划,搭建自己的“云平台”,来对不同的应用开发进行研究和实验。该“云平台”主要是建立在Hadoop基础上,Hadoop是Apache开发的开源的云计算框架,方便而成熟,本文中就是利用Hadoop进行云平台的搭建。

	本文的主要研究工作是设计一款面向新闻类网页的,基于云平台网络爬虫的互联网信息采集系统。该系统是在Hadoop分布式平台的基础上实现的,主要部分为信息采集模块和信息抽取模块。在信息采集部分设计并实现了一个基于云平台的网络爬虫,在该爬虫的内部对其子模块进行MapReduce设计；在信息抽取部分采用的是较易理解的基于HTML结构解析的信息抽取方式实现。在本文的设计过程中包含几大主要技术：云计算、Hadoop平台、网络爬虫以及网页信息抽取。本文按照设计顺序对以上技术进行了介绍。云计算部分主要介绍其背景、当前主流云平台、自身特点等。对于Hadoop平台主要是对其两个核心——HDFS和Map/Reduce内容进行研究。对已经比较成熟的网络爬虫技术以及信息抽取技术的核心理论也进行了简要说明。

	本文的意义在于理论结合实际,将云计算理论应用于实际的项目开发中,实现了一个基于云平台网络爬虫的互联网信息采集系统,解决了现有系统的诸多不足,例如：性价比较低、可扩展性较差、效率较低等问题。实现了一个具备简单灵活性、安全可靠性、可扩展性的信息采集系统。",基于云平台网络爬虫的互联网信息采集系统研究,"计算机软件及计算机应用,互联网技术,云计算,信息采集,Hadoop,网络爬虫,信息抽取"
范欣,南京师范大学,南京师范大学,"从海量网络资源中获取企业基本信息,为企业的客户关系管理、潜在竞争对手发现等提供信息支持,对于企业的生存和发展壮大具有重要意义。鉴于通用搜索引擎处理这类问题时存在的局限性,本文设计实现了面向企业信息的聚焦搜索来满足此类需求。

	Web中的企业信息页面可以分为两大类：企业信息以结构化表格形式呈现的POI页面、企业信息以非结构化文本形式呈现的TOI页面。两类页面结构差异较大,聚焦搜索过程需分开进行。聚焦爬虫和信息抽取是实现聚焦搜索的两个核心任务,围绕聚焦搜索的这两个核心任务,且面向企业信息的两种不同表现形式,本文主要展开了如下几个方面的研究工作：

	1、面向POI的聚焦爬虫。现有聚焦爬虫研究多是面向主题的,对于面向POI的用户需求目前还较缺乏相关研究。本文利用朴素贝叶斯与支持向量机等分类器模型,通过设计有效的特征模板,实现了面向POI的聚焦爬虫。实验结果表明利用爬虫对面向POI的用户需求进行聚焦是可行的。

	2、面向TOI的聚焦爬虫。现有聚焦爬虫在处理文本页面时,大多直接对页面内的所有文本进行处理,这就引入了较多的噪音内容。本文采用改进的页面相关性分析算法,仅获取与主题最相关的五块文本,对不同块赋予相应的权重,利用分类模型方法判断整体的相关性,实现了面向TOI的聚焦爬虫。实验也采用朴素贝叶斯和支持向量机分类模型,实验结果与基于页面全部文本实现的聚焦爬虫Baseline系统相比,收获率平均高出20%左右,最高差值可达51.35%,充分说明了改进的页面相关性算法是非常有效的。

	3、企业信息抽取。以聚焦爬虫获取的相关网页集为数据源,抽取POI域、TOI域内的企业信息。POI域内的企业信息布局规范,结构规律性较强,因此仅采用包装器方式对相对简单的POI域进行信息抽取。对于相对较复杂的TOI域内的企业信息,本文采用统计学习模型将任务分解为两步进行抽取：先判断一个句子是否包含槽信息,然后判断句中短语所属的槽类别,根据句子和短语的联合概率确定最终的槽填充内容。实验定义了8种企业属性作为待填充槽,各类槽的平均F-measure达到93.8%,比基于规则方法实现的Baseline系统结果平均高出7.6%,充分显示了算法的有效性。",面向企业信息的Web聚焦搜索的设计与实现,"计算机软件及计算机应用,聚焦搜索,聚焦爬虫,信息抽取,联合概率模型"
贾海军,上海师范大学,上海师范大学,"随着计算机的发展，互联网己经成为世界上最大的信息资源库，通用搜索引擎如百度浏览器、谷歌浏览器等可以通过关键词查询返回大量与关键词相关的结果，能够满足大部分用户的查询需求。但是对于少数用户，他们仅仅对某一个行业或领域的信息感兴趣，所以他们希望搜索引擎仅仅返回自己感兴趣的信息。为了获得与某一个行业或者领域有关的信息，利用主题爬虫算法对通用搜索引擎进行改进。

	论文中应用实体分析、网络结构分析并加以算法上的改进，提出了基于URL及上下文的主题爬虫算法，本算法对主题进行了实体分析，根据中文同义词词库将主题描述词进行扩展，作为主题相关度分析算法的输入。同时本算法将网页分成若干个信息块，在网络结构与文本内容两个方面分析每个信息块中的链接及本文内容，根据信息块中主题描述词的词频和权重信息得出该链接在文本内容方面的评分。如果评分大于设定的阈值，则将该链接认为是与主题相关的，否则与主题不相关。实验结果充分说明本论文提出的基于URL及上下文的主题爬虫可以实现很好的搜索效果。

	本文主要包括以下几个研究内容：

	1.在查询时，为了提高查询速度使用高性能的全文检索工具Lucene.Net,将网页内容中的链接、锚文本、上下文信息等内容创建索引，实现索引搜索。创建索引虽然会消耗一定的时间，但是创建索引通常在后台进行，而且索引创建之后可以重复利用，具有一劳永逸的作用。

	2.本文在实现中文分词时，通过比较Lucene.	Net提供的各种分词方法和盘古中文分词，最终选择使用盘古分词。为了实现良好的分词效果，文中仔细研宄了最新版本的盘古分词工具包与其它版本的差异性。

	3.在计算主题相关度时，使用向量空间模型，计算余弦相似度结果作为相关度评分，如果评分大于设定的阈值则认为是相关的，否则认为是不相关的。",基于URL及上下文的主题网络爬虫研究,"计算机软件及计算机应用,搜索引擎,自然语言处理,中文分词,信息检索,向量空间模型"
陶俊文,华南理工大学,华南理工大学,"改革开放以来,广东省的专业镇特色产业迅速发展。广东省人民政府提出建设广东省专业镇中小微企业信息服务平台,用于提供创新资源、市场信息和企业技术需求等方面的信息,引导专业镇中小微企业走向信息化,国际化。信息服务平台需要对信息进行数据采集,在如今信息化时代,网络已经成为人们获取信息的重要渠道,可以使用网络爬虫技术从互联网上进行数据采集。本论文课题的研究工作主要来源于“广东省专业镇信息服务平台”项目。信息服务平台主要由三个部分组成:前端系统、后台系统和网络爬虫系统。后台系统主要用于管理,主要的功能有:内容管理、用户管理、权限管理和流程管理等。前端系统主要用于展示,把后台系统中的数据按照用户需求显示在相应的页面上。网络爬虫系统主要为整个信息服务平台去互联网上采集相应的数据,经过处理,然后导入到后台系统当中。本论文的工作主要针对网络爬虫系统,包括完成了以下工作:首先对系统使用到的Heritrix框架和相关技术做了相关的介绍。然后,本论文描述了专业镇信息服务平台的总体架构,包括需要分析、网络结构、软件架构和处理流程。接着本论文对网络爬虫系统的设计做了一个详细的描述,包括系统功能、软件结构、工作流程和数据库设计等。然后详细描述了专业镇信息网络爬虫系统的实现,主要包括网页抓取、内容解析、数据过滤和数据导入这4个模块的实现以及一些具体数据类型的爬取过程。本文在深入研究Heritrix 3.1.1源码的基础上对Heritrix进行定制,增加链接文本,以及对Heritrix进行优化,包括参数优化、取消robots.txt检查和同域名多线程优化。依据创新资源库、市场信息库和企业技术需求库三大数据库中的数据类型,扩充Heritrix处理器链,增加自定义的解析方式和过滤规则,其中使用了启发式规则进行某些数据类型的爬取,并用到了网页正文抽取、IK分词器、模拟登录和使用SMB协议进行远程存储图片等技术。针对灯饰行业,专业镇信息网络爬虫系统爬取了35万多条数据,并成功导入到后台系统中,完成了项目设定的目标。",基于Heritrix框架的专业镇信息网络爬虫系统,"计算机软件及计算机应用,网络爬虫,数据采集,专业镇,Heritrix"
王涛,南京大学,南京大学,"互联网技术与金融行业的有效结合促使互联网金融的快速发展,大量具备互联网金融背景的公司相继成立,信贷业务作为金融公司资产业务的重要组成部分是公司重大的利润来源。对于金融公司来说,风险控制是保证公司有效获利的重要保障,然而,传统风险监管方式使用的数据存在来源单一性、时效性等问题使得金融公司的不良贷款率持续增高。互联网的不断发展促使越来越多的商业信息、企业信息、行业信息、政策信息被第一时间发布,针对金融公司所关注的个人、企业、行业等相关信息进行加工整理,帮助公司及时了解贷款方的相关信息,对甄别潜在风险具有重要意义。有效的原始数据对于风险控制具有较大的积极意义,面对互联网信息的爆炸式增长,如何精准采集多样化的数据源信息是一个亟待解决的问题。传统信息采集方式不甄别信息的有效性而全部采集不仅降低了网络数据爬取的效率而且降低了信息的质量。针对信贷背景下的信息采集需求,本文主要研究工作如下：(1)通用型分布式爬虫解决方法。本文针对分布式爬虫兼容性不足等问题,提出普适型、通用型的分布式爬虫系统,在保证高速、有效、准确的基础上兼容多样化的爬取策略。通用型分布式爬虫的设计主要包含以下几个部分：系统整体结构、通信方式、各功能节点、异常处理等。(2)有效链接获取的网页增量抓取方法。本文针对传统意义上链接获取方式的不足,提出一种基于无效链接过滤的网页有效链接获取方法,考虑到方法的通用性,主要针对网页常用的表现方式(列表页)所表示的信息进行非结构化信息的提取,保证提取准确度的同时极大地拓展了策略的可复制性,只需要更改数据源就可以实现其它行业的精准信息采集。",金融信贷背景下分布式信息采集策略研究,"计算机软件及计算机应用,分布式爬虫,精准采集,金融信贷,有效链接提取"
刘欣,重庆师范大学,重庆师范大学,"由于大数据的爆炸式增长,人们从海量信息中查找自己所需资源变得捉襟见肘。特别对于高校学生而言,校园门户网站、网络中心、教务处和就业指导中心每天都在发布各种碎片化、分散化的信息,但是网站管理者各不相同,共享机制匮乏,学生想得到不同方面的信息就得去不同网站,相当费时费力。因此,将微信和网络爬虫结合起来搭建高校信息服务平台,将学生所需服务从各大网站筛选抓取整合进行一站式数字化移动校园建设势在必行。本论文的主要研究内容如下:(1)以重庆师范大学在校学生为对象,搭建校园信息服务平台—“掌上重师”。通过发放调查问卷1了解学生需求,根据微信公众平台的特点,对各种需求进行分类汇总和细化,结合当代大学生隐形需求,对平台进行个性化扩充,实现了校园品牌建设、学习帮手、生活服务和校园娱乐四个功能模块。(2)由于本校学生对校园新闻、招聘信息、活动讲座、资格考试、成绩查询等信息的即时性需求很高,为此笔者将微信公众平台与网络爬虫技术相融合,将分散在各处的高校信息服务相关资源自动抓取、采集、过滤并镜像存储,利用微信公众平台推送最新资讯,创建出一个可以将多个校园数字资源进行整合的一站式平台。(3)文章最后通过调查问卷2和微信后台数据分析得出学生对此信息服务平台的应用情况,根据反馈信息对相应功能模块作出调整,从而实现了对市场的监控和完善。数据表明该信息服务平台得到全校师生的广泛应用和一致好评,有利用对外展示重师风采,对内服务全校师生。",基于微信和网络爬虫的高校信息服务平台分析与设计,"高等教育,微信公众平台,高校,网络爬虫,服务,学生管理"
程建,东北大学,东北大学,"舆论是指在一定的社会空间内,随着某一事件现象的发生、发展、变化,民众对该事件的态度。舆情是舆论的放大体,指民众对社会现象的看法、想法态度及意见的总和,也是民众的社会政治态度对执政者决策行为有影响和指导作用的那一部分。随着互联网的发展,网络舆论逐渐成为社会舆论的发源地和放大器。在互联网时代,网络舆情作为社会舆情的网络反映,成为社会舆情的最主要的构成之一。互联网是一个宝库,尤其是在互联网大数据时代,借助IT技术,实现对虚拟网络舆情的及时、全面的监控已经迫在眉睫。本文将主要介绍基于网络爬虫的网络舆情分析系统的设计与实现,以及网络爬虫(Web Crawler)的优点和在基于网络爬虫的网络舆情分析系统中的应用。本文基于这样的背景将理论研究与实证研究相结合,首先研究了网络舆情构成和特征,结合当前国内互联网应用的实际情况,认为网络舆情信息采集的信息来源主要是各大论坛、网络社区和网民博客等能够集中反映公众对某一具体议题的情绪、意愿、态度和意见的地方综上所述,本文在话题发现与热点话题追踪方面进行深入的研究,并设计并实现了一个网络舆情分析系统,在网络舆情信息技术的实用化上进行了分析,文章最后通过运行实例和对比分析验证了模型的可行性和有效性。",基于网络爬虫的网络舆情分析系统的设计与实现,"计算机软件及计算机应用,舆论,网络舆情,网络爬虫"
袁方波,辽宁工程技术大学,辽宁工程技术大学,"近年来,随着计算机科学的发展,网络大数据时代到来,为数据获取提供了一种新的思路。传统的GIS信息获取方式主要采用实地测量以及栅格地图、影像进行获取,需要大量的人力物力。通过深入网络数据挖掘,大量的属性数据以及矢量数据也可以从网络中进行获取。网络爬虫作为一种搜索引擎,为GIS信息获取提供了方便,它能从大量的网络平台上获取可靠相对真实的数据。将网络爬虫技术应用于地理信息系统可以较好的解决数据获取方面的难点。本文在研究网络爬虫的原理时,将其应用于GIS信息获取过程。主要研究了网络爬虫在属性信息获取、矢量信息获取以及将二者结合起来,并将其应用于房产评估系统当中。设计研究了网络爬虫软件关键技术与基于Web的GIS信息管理系统开发的关键技术。在通过网络爬虫获取了数据之后将其应用与GIS信息管理系统当中。本文的主要研究内容：(1)通过深入研究相关网页结构,通过对静态网页和动态网页进行分析,获得网页上相关的数据。利用相关技术,模拟用户操作过程,获得返回数据。(2)通过分析研究电子地图瓦片结构,了解电子地图结构。获取瓦片的地址链接,进行下载拼接。(3)深入研究ArcGIS自动矢量化过程,将获取的栅格地图进行二值化,并进行自动矢量化。(4)本文研究了ArcGIS提供的一组针对JavaScript脚本,对地图服务进行调用,尝试了将获取的矢量地图应用于实际任务中的可行性。(5)研究了JavaWeb相关开发技术,将获取的GIS属性数据以及空间数据应用于房产评估中。",基于网络爬虫理论的GIS信息获取方式研究,"自然地理学和测绘学,静态网页,动态网页,ArcGIS For JavaScript,JavaWeb"
宋一鹏,西安电子科技大学,西安电子科技大学,"在信息化社会,基于信息技术构建税务征管综合信息平台,提高税务部门工作效率,保证国家财政收入是现在税务征管发展的必然趋势。但是,目前的税务征管信息平台在建设过程中,数据来源单一,难以保障纳税人基本信息和交易活动的完整性和真实性,难以保证国家税收安全。与此同时,随着网络技术的发展,互联网上存在大量的纳税人信息和交易相关的报道,这些数据信息量大,内容丰富,且在快速增长中,采集这些互联网数据,丰富目前税务征管信息平台的数据来源和信息维度,为国家实现数据管税策略提供高质量的数据是目前亟需解决的问题。在此背景下,从实际工作需求出发,本文研究地方涉税情报集成系统的设计与实现,利用爬虫、数据匹配等技术,实现对互联网上纳税人涉税情报信息的自动采集、智能识别、数据清洗,最终形成地方管辖范围内企业的涉税情报系统,建立常态化的涉税情报主动获取机制,构建高质量的数据源,为税务机关的征管和监督提供数据支撑。在系统研发过程中,遵循软件开发基本流程,首选通过需求分析定义系统建设内容,然后,进行架构设计和详细功能的设计与实现,最后给出系统测试。在系统需求分析阶段,本文从功能性和非功能性两个方面对系统需求进行了分析和描述。在功能建模中采用UML用例图建模系统业务,涉税情报集成的主要业务包括了:系统管理,爬虫管理,过程管理和数据管理。非功能性需求从系统性能、安全性和兼容性三个方面对系统需求进行了指标化描述。此外,还给出了系统数据建模,在数据抽取过程中,系统需要从无结构化网页内抽取结构化数据,如果抽取成功,网页以源文件的形式存储在本地服务器;抽取到的结构化数据和系统运行所需要的其他数据,以关系数据库形式进行建模存储。在系统架构设计中,分别给出了网络部署架构、基于Spring MVC的开发框架以及功能架构。在功能的设计和实现过程中,首先给出了系统功能类图设计,然后基于程序流程图和序列图描述系统具体功能的实现。具体的,在爬虫功能的设计和实现中,基于正则表达式完成了聚焦爬虫中无关页面的过滤,基于广度优先策略实现了面向Surface Web的爬虫;信息抽取采用了基于HTML路径的匹配模板方法进行信息抽取;在数据清洗功能中,采用了基于启发式规则的数据清洗方法。最后,本文从功能性和非功能性两个方面给出了系统测试,功能测试基于黑盒测试方法对4个功能单元分别进行了测试和分析;在非功能测试中,设计多线程的测试用例,统计和分析系统各项性能指标,验证系统的稳定性。综合测试结果表明,论文设计和实现的地方涉税情报集成系统能够满足现在市级行政区域内税务部门的涉税情报集成的业务需求,达到了预定的设计目标。",地方涉税情报集成系统的设计与实现,"计算机软件及计算机应用,数据集成,网络爬虫,信息抽取,数据清洗"
徐凯旋,吉林大学,吉林大学,"如今,互联网上的充斥着各种各样的资源,在网络中找到自己想要的信息变成了一件十分困难的事情,人们要花费大量的时间对网络上的信息进行过滤。通用搜索引擎虽然在一定程度上能够帮助人们检索信息,但是效果却不总是令人满意。于是出现了面向特定主题的专业搜索引擎,它能够为人们提供更加精确的服务,主题爬虫作为专业搜索引擎的重要组成部分,可以根据用户给定的主题,在网络上准确搜集到主题相关的信息。本文将主题爬虫技术应用到对朝鲜语/韩语网页的搜索工作,在对主题爬虫技术进行了简要介绍后,主要对韩语分词技术、主题预测、隧道穿越策略进行了研究,详细工作如下:第一,分词任务是自然语言处理的基础,中、日、韩等文字在进行各种任务时的首要任务就是分词。在韩语/朝鲜语分词方面,传统的基于匹配的分词方法,往往需要人工构建一个很大的词典,对不在词典中的词没有识别能力,分词精度不是很高。基于统计的分词方法通过对语料库中的字词关系进行学习,得到字之间的相互关系来进行分词,虽然能够对未登录词进行识别,但是在分词时没有充分利用字的语义信息,不能很好的对字的信息进行表示。本文将人工神经网络应用到韩语分词任务中,通过使用词向量技术,更好的对字信息进行表达,先后使用前馈神经网络、循环神经网络、循环神经网络与条件随机场结合的方法来构建韩语分词模型,在分词的准确度上得到了一定的提高,同时在分词时使用的字表示信息可以直接用于主题爬虫中的链接相关性预测。第二,对网页中链接的主题进行相关性预测是主题爬虫中不可或缺的部分,本文利用链接对应的锚文本信息来做主题相关性判断,构建了一个基于双向长短记忆单元的循环神经网络分类模型。由于锚文本的上下文信息具有迷惑性,所以本模型中利用了锚文本中的全部文本信息,排除上下文的干扰,同时循环神经网络在对字符序列信息进行建模时拥有一定的优势,借助双向的循环神经网络可以实现整个锚文本中的信息进行分析,对网页中的链接的主题相关性进行预测。第三,针对主题爬行中的隧道穿越技术,大多数方法都是设置一个深度阈值进行试探,方法不够灵活。本文利用网页中的信息来定义网页的温度值,结合牛顿冷却定律实现不同网页温度的动态调整,使爬虫尽可能的穿越不相关的网页到达主题相关页面,提高主题爬虫的获取能力。第四,本文将上述方法应用到主题爬虫中:利用神经网络分词方法来对网页内容进行分词;使用基于双向循环神经网络的锚文本判断方法来进行链接预测;结合内容与链接的主题预测值来得到网页的温度。结合主题爬虫的其他部分构建了一个主题爬虫系统,实验结果表明,本系统拥有较高的准确率。",面向韩语的主题爬虫及韩语分词研究,"计算机软件及计算机应用,主题爬虫,分词,韩语,人工神经网络"
吕博庆,兰州大学,兰州大学,"随着互联网产业的迅猛发展,计算机相关技术的跳跃式演变以及行业规模的不断扩大创新.电子商务从最初的不被信任到现在动动手指就可购物,电商平台对老百姓生活产生的影响不言而喻.2017年“双十一”这天,淘宝网单日平台交易额突破了1682亿人民币,人民的日常生活早已离不开电子商务平台.在电商平台的网络交易中,消费者可以通过浏览商品网页获取商品的各类信息,以此决定是否购买,而这些信息又可以为市场和营销带来更好的转变机会.因此,本文将结合爬虫技术与相应的数据挖掘方法对电商的网页信息进行采集与探究性分析,期望构建一套从数据提取到数据挖掘的系统性研究方法,帮助店家及消费者更好的探究需求,并为丰富电子商务市场营销策划提供参考.从消费人群来看,80、90后年龄段的消费者占比近八成多,是电子商务消费的核心主导力量,而该阶段的消费者都要经历面试及就业,因此选用西装为研究对象很具有代表性.本文通过搭建web自动化爬虫框架获取了淘宝网西装商品全部共8000多家网店的网页信息,并通过对数据信息检查选择出最适合该类数据的数据挖掘方法.最终决定使用描述性分析与回归分析、文本聚类分析相结合的研究方法,探索其潜在的数据价值,从而为飞速发展的电商产业提供系统优质的数据挖掘技术支持.本文主要工作分为六个部分:第一部分:绪论,主要阐述研究的背景、综述、研究的内容与结构安排.第二部分:数据提取与存储的方法介绍,简单阐述了需要使用的工具及其优缺点,为数据爬取奠定基础.第三部分:网页信息的处理方法,分别讲述了有关商品销售量的多元回归分析模型及对网页信息采用的“无监督学习”文本聚类方法.第四部分:K-Means算法的展开,从数据预处理、向量空间模型(VSM)、IDFTF-算法、与引用惯性权重的K-Means评价等详细记录了算法的实现流程.第五部分:实证部分,从环境配置、数据获取与存储、描述性分析、回归分析、文本聚类各环节构建一套系统的数据探究方法,最大化探索数据价值以达到研究目的.第六部分:总结与展望.为电商网页信息的数据挖掘及市场发展提供参考性建议支持.",基于爬虫与数据挖掘的电商页面信息分析,"贸易经济,企业经济,电商,爬虫,数据挖掘,文本聚类,多元回归分析,K-Means算法"
潘建锋,浙江工业大学,浙江工业大学,"近年来,随着高校信息化的发展和移动网络的提速降资,课程上网已成为师生的共同需求。各类精品课程网站的建设推广,一方面方便了教与学之间的信息传递,另一方面也存在着各网站项目各自为阵、信息量大、资源共享度低,不利于实现统一检索的问题。为了进一步提高现有精品课程网站资源的利用率,本文将设计和研究基于主题爬虫的高校精品课程网络资讯微平台。论文对精品课程网络资讯微平台的业务流程进行系统的分析,提出精品课程网络资讯微平台操作流程,关键技术指标以及相关系统的研究现状。通过腾讯云服务构建多WEB服务器,同时通过负载均衡等手段来避免因访问频繁而导致WEB服务器宕机。论文对主题爬虫的工作原理进行了系统的介绍,从结构化数据抽取、网页结构相似度计算、文本去噪、中文分词、主题词提取等五方面对主题爬虫工作的流程进行了设计和研究。对网页分类基本步骤进行了介绍,重点分析了朴素贝叶斯分类算法、TF-IDF算法以及余弦相似性的基本工作原理。其中朴素贝叶斯分类算法主要用于解决在数据抽取与处理环节中对网页结构相似度计算;利用TF-IDF算法计算主题词的对整篇文章的权重,对主题词的确定与索引的建立起决定性依据;利用余弦相似度算法来评估文章之间的相似度。最后,根据实际应用场景结合垂直搜索引擎技术,通过主题爬虫抓取高校精品课程网络资源,再采用微信公众平台构建相应的课程微平台。通过爬虫技术将原本独立分散的高校网络课程资源进行采集整合,实现优质教学资源的集中管理、开放共享。从课程平台管理的角度统一入口,统一认证,将为广大师生的提供诸多的便利。",基于主题爬虫的高校精品课程网络资讯微平台的设计与研究,"互联网技术,主题爬虫,精品课程,信息抽取,垂直搜索,微平台"
曹牧原,河北大学,河北大学,"随着互联网技术的迅速发展和普及,网络新媒体已经逐步超越传统媒体,成为人们获取信息资源的主要渠道。尤其是各大新闻网站对时事新闻快速发布和更新,使得新闻的传播广泛而迅速,人们通过网络可以及时地获取最新的新闻资讯。然而,各个网站的新闻网页分布在互联网各个角落的Web服务器中,未能统一地组织和管理,且都是以新闻事件的Web页面形式呈现给用户,这就导致互联网新闻存在数量巨大、来源繁多、格式不统一的缺点,人们难以在海量资源中及时有效地获取有价值的、感兴趣的信息,因此需要对互联网上的新闻进行收集、整理和分析,以更易于理解和查询的友好方式呈现在用户面前。互联网信息挖掘的两个重要步骤是数据采集和数据分析,本文对互联网新闻话题挖掘展开研究,主要工作包括4部分:1.在Hadoop平台上设计并实现了一个分布式新闻爬虫,利用Map Reduce框架并行计算的能力,对多个新闻网站的新闻网页并行爬取,提取网页中的新闻标题、时间、内容等信息,将不同页面格式的新闻以统一的结构存入HDFS,以便于进行新闻话题挖掘。2.在研究分析LDA模型和吉布斯采样的基础上,实现了LDA模型的基本框架。对文本集使用LDA模型建模,并使用吉布斯采样算法估算LDA模型中多项分布的参数。根据文档生成话题的概率和话题生成单词的概率,抽取出话题的热点词及其相关新闻。3.利用训练好的LDA模型预测未知文档的话题概率分布,根据文档的话题概率将其归类到相应的话题中。4.为验证以上理论的实用性,本文设计并实现了一个新闻话题挖掘系统,将挖掘出的新闻话题信息通过Web页面呈现给用户,方便用户获取话题信息和查询相关新闻。实验结果表明,所给方法可以有效地挖掘出热点话题及其相关新闻。",基于爬虫和LDA的新闻话题挖掘,"计算机软件及计算机应用,话题挖掘,LDA模型,吉布斯采样,网络爬虫,Hadoop"
段馨凝,北京邮电大学,北京邮电大学,"近年来金融风险事件频发,造成的后果也愈加严重,及时获取风险信息意味着有更充足的时间采取应对措施。互联网作为当前金融信息传播的主要渠道,具有实时性高、覆盖内容广的特点,然而在信息爆炸的时代,已经无法单纯依靠人工来获取和处理信息,因此金融机构和从业人员迫切需要一种高效灵活的方法,对给定的多网络渠道的金融信息进行实时监控,从大量信息中及时获取相关风险信息,提前采取措施规避风险。本文针对当前金融信息获取效率低下的问题开展了研究,设计并实现了一个金融领域多通道信息监控系统。主要研究内容如下:(1)对金融领域多通道信息监控系统进行需求分析并设计系统架构,将系统分为多通道的信息采集子系统、金融风险事件抽取子系统、信息实时监控子系统三大部分;(2)设计多通道的信息采集子系统,本文基于Scrapy设计和实现分布式爬虫工具,通过定义配置文件和解析模版来定制爬虫,通过Celery分布式任务队列实现分布式抓取,通过基于Redis的哈希压缩去重方法和布隆过滤器去重方法,解决了分布式爬虫系统的URL去重问题,并设计依赖URL去重的增量抓取和断点续爬;(3)设计金融风险事件抽取子系统,本文设计和实现了基于触发词扩展的“在线-离线”风险事件抽取方法,通过word2vec和LDA算法进行触发词的离线扩展,通过CRF模型进行事件论元的识别,并设计了风险信息识别和风险元素在线抽取插件;(4)设计信息实时监控子系统,本文设计和实现了风险事件监控网站的登录、浏览和查询功能,并根据订阅标签进行信息实时推送;(5)实现金融领域多通道信息监控系统,对系统进行单元测试和整体测试,系统运行稳定,满足设计需求。本系统实现自定义信息源高效实时采集,提供基于触发词扩展的金融风险事件抽取方法,通过监控网站和邮件推送实现风险信息实时获取,减少多渠道浏览和筛选信息所需时间,提高信息获取效率。",金融领域多通道信息监控系统设计与实现,"自动化技术,金融,分布式爬虫,事件抽取,信息监控系统,网页抽取"
刘李敦,"
                                        三峡大学华海职校建行三峡分行,三峡大学华海职校建行三峡分行 湖北宜昌443000,湖北宜昌443000
;
                                    ","三峡大学华海职校建行三峡分行,三峡大学华海职校建行三峡分行 湖北宜昌443000,湖北宜昌443000;","提出了一种基于移动代理的的爬虫系统,系统中爬虫代理运行在远程Web服务器上,它将集中在服务器端的任务如:特征提取、建立索引等分散到远程的Web服务器上并行运行,而且代理个数是可控的,最后将少量的数据回传到服务器端,这不仅提高了效率而且减小了网络传输量。",基于移动代理(Agent)的智能爬虫系统的设计和实现,"计算机软件及计算机应用,网络爬虫,移动代理,并行化搜索"
乌日更,"
                                        内蒙古农业大学

                                    ",内蒙古农业大学;,"在知识经济时代发展下,信息的重要性愈发凸显,如何在海量信息中获取有价值信息,实现信息的科学应用成为人们关注与思考的重点。python网络爬虫技术的产生与应用,则有效提升了信息数据搜集与提取能力。鉴于此,本文从网络爬虫内涵出发,就大数据环境下python网络爬虫技术进行了简要分析。",大数据环境下python的网络爬虫技术,"计算机软件及计算机应用,大数据,python,网络爬虫技术"
张治中,"
                                        重庆邮电大学通信网测工程研究中心

                                    ",重庆邮电大学通信网测工程研究中心;,"在移动互联网用户行为分析系统中,为了使深度包检测(deep packet inspection,DPI)进行有效地数据匹配,对用户行为进行更深层次的分析,达到不仅能识别出业务网站类型而且还识别出业务网站访问具体内容的目标,设计出一种能进行具体内容级别上特征爬取和提炼的爬虫模块。针对特定业务网站,考虑广义爬取对技术和存储要求高的缺点以及针对某一行业的爬虫系统得到数据有限的不足,设计并实现了一种基于特定页面分析的聚焦爬虫模块。该爬虫模块采用模块化的思想,使用多线程多任务,精确高效地爬取特定业务网站信息,为DPI匹配提供数据支持。经过测试验证,该爬虫模块达到了预期的要求,可维护性、可扩展性和实时性强,满足移动互联网用户行为分析系统对特征数据提取的需求。",移动互联网用户行为分析系统中聚焦爬虫的设计与实现,"计算机软件及计算机应用,用户行为分析,聚焦爬虫,多线程,正则表达式"
姚志敏,"
                                        徐州工程学院信电工程学院

                                    ",徐州工程学院信电工程学院;,"随着信息化社会的不断发展,互联网上的数据越来越多,随之也产生了各种各样的搜索引擎,网络爬虫正是为搜索引擎提供数据基础的。由于大多数普通的网络爬虫在数据量巨大时都会因为DNS解析以及url去重而消耗大量的时间,为了更好地改进爬虫的效率,让爬虫在大数据处理时依然拥有良好的性能,使用哈希链表缓存DNS并将DNS解析的效率相对于普通不做DNS优化的爬虫提高了2.5~3倍。再将MD5加密算法以及树相结合设计出一种基于MD5的url去重树,理论上使得url去重的空间复杂度相对于普通哈希表缩小60倍,而让其查重的时间复杂度接近于O(1)。最终通过实验证明了该设计的数据结构较为良好。",基于MD5去重树的网络爬虫的设计与优化,"计算机软件及计算机应用,互联网技术,搜索引擎,网络爬虫,哈希链表,去重树"
杜亚军,"
                                        西华大学计算机与软件工程学院

                                    ",西华大学计算机与软件工程学院;,"在网络文字、图像视频、音频数量日益增长的网络世界中,网络爬虫爬取结果变得越来越差,主要表现在爬取网页的精确率低、召回率低和重复率高等方面。为解决这些问题,结合市场匹配基本原理和网络爬虫的特点,提出一种基于市场匹配算法的多Agent智能爬虫系统。基于市场匹配算法,设计了多Agent智能爬虫系统,以雅虎一级目录12个主题为测试数据对网络爬虫爬取网页的精确率、召回率和重复率进行了分析。结果表明,与未使用市场匹配算法的系统相比较,基于市场匹配算法的多Agent智能爬虫系统的精确率提高了9%、召回率提高了8%、重复率降低了5%,其爬虫性能有较大改善。",基于市场匹配的多Agent智能爬虫系统,"计算机软件及计算机应用,市场匹配算法,多Agent,智能爬虫"
钱慎一,"
                                        郑州轻工业学院计算机与通信工程学院
;
                                    ",郑州轻工业学院计算机与通信工程学院;,"随着互联网的快速发展,其信息量和相关服务也随之快速增长.如何从海量的信息中快速、准确地抓取所需要的信息变得越来越重要,因此负责互联网信息收集工作的网络爬虫将面临着巨大的机遇和挑战.目前国内外一些大型搜索引擎只给用户提供不可制定的搜索服务,而单机的网络爬虫又难当重任,因此可定制性强、信息采集速度快和规模大的分布式网络爬虫便应运而生.通过对原有Scrapy框架的学习和研究,将Scrapy和Redis结合改进原有的爬虫框架,设计并实现了一个基于Scrapy框架下的分布式网络爬虫系统,然后将从安居客、58同城、搜房等网站抓取的二手房信息存入MongoDB中,便于对数据进行进一步的处理和分析.结果表明基于Scrapy框架下的分布式网络爬虫系统同单机网络爬虫系统相比效率更高且更稳定.",基于Scrapy的分布式爬虫系统的设计与实现,"互联网技术,Scrapy,分布式,Scrapy-Reids,网络爬虫,Mongo DB,数据存储"
刘伟光,"
                                        西藏民族大学图书馆

                                    ",西藏民族大学图书馆;,"分析了聚焦爬虫的工作原理和关键技术,对几种开源网络爬虫的功能特点和使用范围进行比较,而后通过改造Heritrix软件的关键模块和功能接口,以抓取中国西藏网新闻为例,实现了开源爬虫软件在垂直搜索的应用。",开源网络爬虫在垂直搜索引擎应用,"计算机软件及计算机应用,垂直搜索,聚焦爬虫,Heritrix"
陈栋,"
                                        北京林业大学信息学院

                                    ",北京林业大学信息学院;,"针对如何在互联网上准确获取森林经营知识的问题,提出研建森林经营知识采集系统来解决这一问题。在分析森林经营知识采集问题的基础上,设计系统流程、系统模块、数据库,改进网络爬虫规则并加以限定,论述爬虫工作流程和算法。该系统总结分析了森林经营主题网页的特点,通过建立森林经营特征向量对采集内容进行识别,并对森林经营知识去噪处理,智能匹配规则提取知识,使用欧氏距离识别指纹去除重复的森林经营知识。实验结果表明,该系统采集的森林经营知识具有高主题相关度、高准确率、低重复度的特点,满足服务于森林经营决策支持系统的要求。",基于网络爬虫的森林经营知识采集系统研建,"林业,计算机软件及计算机应用,森林经理学,森林经营知识,知识库,知识采集,网络爬虫"
高祖瑞,"
                                        武汉大学法学院

                                    ",武汉大学法学院;,"随着互联网技术的发展,搜索引擎在社会的信息交流中扮演着越来越重要的作用,用户对搜索引擎的粘性也使得引擎服务商在争夺用户市场中的竞争愈发激烈,也为互联网环境下新常态的竞争提出了新的挑战。本文以互联网行业中的竞争新常态为出发点,探究了爬虫协议的内容及其法律属性,并同国外司法实践相结合,讨论爬虫协议作为行业惯例的法律地位。其次从我国的法律适用入手,研究爬虫协议作为行业惯例能否作为法律一般条款的具体标准。最后,针对新常态下的互联网竞争关系,思考爬虫协议对于互联网竞争的影响。",互联网竞争关系下的爬虫协议研究,"经济法,行业惯例,竞争关系,一般条款,爬虫协议"
李石君,"
                                        武汉大学计算机学院

                                    ",武汉大学计算机学院;,"为提高主题爬虫的性能,依据站点信息组织的特点和URL的特征,提出一种基于URL模式集的主题爬虫。爬虫分两个阶段,在实验爬虫阶段,采集站点样本数据,采用基于URL前缀树的模式构建算法构建URL模式,形成模式关系图,并利用HITS算法分析该模式关系图,计算出各模式的重要度;在聚焦爬虫阶段,无须预先下载页面,即可利用生成的URL模式判断页面是否主题相关和能否指导爬虫深入抓取,并根据URL模式的重要度预测待抓取链接优先级。实验表明,该爬虫相比现有的主题爬虫能快速引导爬虫抓取主题相关页面,保证爬虫的查准率和查全率,有效提高爬虫抓取效率。",基于URL模式集的主题爬虫,"计算机软件及计算机应用,主题爬虫,URL模式,URL前缀树,模式关系图,URL模式重要性"
黄宇龙,"
                                        山东师范大学附属中学

                                    ",山东师范大学附属中学;,"本文首先对网络爬虫的相关算法目标以及计算的内涵进行阐述,然后按照信息处理的方法将信息特征项进行处理并演变为线索,对网络爬虫相关算法从字符、语言以及语义几个层面进行分析。",网络爬虫的有关算法,"计算机软件及计算机应用,互联网技术,网络爬虫,字符层相关度,语义层相关度"
刘杰平,"
                                        成都东软学院电子商务研究所

                                    ",成都东软学院电子商务研究所;,"本文选取包括智联招聘、前程无忧、猎聘网、BOSS直聘、拉勾网以及实习僧等6个招聘网站,对招聘数据进行爬取,并从robots协议、数据加载方式、翻页方式、反爬虫策略及反反爬虫策略等方面进行分析,总结招聘网站数据爬虫概况。",招聘网站招聘数据爬虫综合分析,"计算机软件及计算机应用,互联网技术,招聘网站,爬虫,Python"
宋弘,"
                                        四川轻化工大学自动化与信息工程学院

                                    ",四川轻化工大学自动化与信息工程学院;,"在爬虫获取数据时,由于获取速度过快易被网页反爬虫机制拦截,需要一种规避网页反爬虫的机制.结合目前反爬虫常用的手段,提出了一种反反爬虫机制.首先找到需要进行网页数据爬取的url,在不使用任何反反爬虫机制的情况下观察爬虫程序被拦截的次数,然后针对目标网页反爬虫机制,设计出一种反反爬虫机制.实验结果表明,通过设置随机抽取useragent和随机IP,跟踪目标网页referer,禁用cookies的反反爬机制,可以规避反爬虫的阻挠,使爬虫爬取到目标网页数量增加,成功率和效率都有所提高.",Scrapy框架下反反爬虫和数据有序性的实现,"计算机软件及计算机应用,scrapy框架,网络爬虫,数据有序性,反反爬虫机制"
左卫刚,"
                                        山西管理职业学院

                                    ",山西管理职业学院;,"本研究旨在创建一个能够从不同页面布局中提取数据的开源爬虫,其中包括网络爬虫、API、网络爬虫调度器以及Socket服务器的实现等。使用Python语言开发网络爬虫,利用BeautifulSoup作为网络爬虫的Web提取工具,以Laravel为Web应用程序框架,PHP作为主要后端语言,承载CMS和API。网络爬虫可以通过利用用户创建的配置文件来适应从不同的页面布局中提取数据,并将提取的数据导出到JSON文件或数据库系统中。",基于Python的新闻聚合系统网络爬虫研究,"计算机软件及计算机应用,网络爬虫,新闻聚合系统"
孙雪莉,"
                                        山东财经大学东方学院

                                    ",山东财经大学东方学院;,"由于""网络爬虫""具有精准获取、分析过滤等功能,为税务稽查在信息收集和分析方面提供了便利,极大地提高了稽查效率。本文从""网络爬虫""基本理论开始,首先分析税务稽查引入爬虫的必要性,进而以山东省地税为例分析""网络爬虫""在税收征管中的应用情况;其次分析爬虫技术在税务稽查工作中面临的问题并总结原因;最后提出加强爬虫技术在税务稽查工作中应用的政策建议。",“网络爬虫”在税务稽查中的应用研究,"财政与税收,网络爬虫,税务稽查,大数据,精准定位"
宗靖芯,"
                                        西安交通大学附属中学

                                    ",西安交通大学附属中学;,"随着互联网的迅速发展,网络承载着大量的信息,但在这些信息里如何有效的提取并利用它们成为技术发展的关键点。因为用户在使用互联网的时候经常有不同的检索要求,但是检索引擎所返回的结果中往往含有许多用户不关心的网页及信息,所以定向抓取相关网页的爬虫系统应运而生。但是现在网络上的主流爬虫系统有的配置复杂,用户难以上手如Heritrix,或有的只能爬取特定字段,限于个别浏览器使用。所以为了优化爬虫系统,本文提出了一套高性能的定向网络爬虫系统,意在提高爬取数据的效率和准确度,并在初步实验中取得了较好成果。",高性能网络爬虫系统的设计与实现,"计算机软件及计算机应用,分布式,高可用,网络爬虫"
舒万畅,"
                                        江西师范高等专科学校

                                    ",江西师范高等专科学校;,"在物联网技术迅速发展的背景下,网络数据呈现出爆炸式增长,对数据的应用需要在大量数据中记性挖掘搜索,搜索引擎结合这一需求就应运而生,不只是搜索数据信息,还要帮助人们找到需要的结果被人们所应用。信息数据的处理就需要爬虫技术加以应用来收集网络信息,基于此,本文先就爬虫技术的类型和发展趋势加以阐述,然后就大数据领域中爬虫技术实际应用方法详细探究,希望能从理论的研究下,为爬虫技术的应用推广起到促进作用。",爬虫技术在大数据领域中的应用分析,"计算机软件及计算机应用,互联网技术,大数据,爬虫技术,技术应用"
李京京,吉林大学,吉林大学,"鉴于现有的通用搜索引擎在搜索过程中逐渐出现的一系列问题:返回大量用户不关心页面,有限的搜索资源同无限的网络资源之间的矛盾进一步加深,不断丰富的网络数据形式等。通用爬虫的爬行策略已经不能满足大量的网页资源的检索。本文在Shark-search算法的基础上,提出了与Pagerank算法相结合,计算URL队列优先级的主题爬虫综合爬行策略。


	基于内容的爬行策略在网页的相关性上有良好的爬行效果;而基于链接的爬行策略则侧重于网络的链接结构,善于发现权威网页,再通过权威网页来发现优先级高的链接。但是二者在爬行过程中,收获率都呈明显的下降趋势。基于以上两者结合的综合爬行策略,在改进的Shark-search算法的基础上,结合了Pagerank算法,既基于网页权威性进行链接,同时也兼顾了网页相关性,在很大一定程度上避免的主题偏移问题,保证了主题的相关性。",主题爬虫的关键技术研究,"互联网技术,主题爬虫,URL队列优先级,页面相关性"
吴世杰,华中师范大学,华中师范大学,"网络爬虫为搜索引擎从互联网上下载网页,是搜索引擎不可或缺的组成部分。通用网络爬虫会从一个或者多个种子URL链接开始,爬行整个网络上的网页。而主题网络爬虫除了具有能够爬行下载网页的基本功能外,还能够分析链接以及页面内容。主题网络爬虫提供数据资源给面向主题的用户查询,它的目标是抓取与特定主题内容相关的网页,并不追求覆盖整个网络上的网页。主题网络爬虫已经成为网络信息挖掘和获取领域的研究热点,对搜索专业领域的信息资源有着相当重要的意义。本文着重研究了支持向量机算法在主题爬虫中的应用,研究工作有以下几个方面:



	(1)研究了支持向量机分类算法原理,并对网页的数学表示方法进行了具体的描述,提出了一种基于支持向量机的网页分类算法,利用支持向量机对网页进行二类分类,找出所需的网页;再利用向量空间模型,对分类好的主题网页进行多类分类。



	(2)在构造支持向量机的过程中,为了有效提高分类的召回率,引入了一种偏移因子,该算法对分类函数进行了修正,只需要计算二类分类器,减少了误分类网页数,实验表明,它不仅具有较高的训练效率,同时能得到很高的分类准确率和召回率。



	(3)围绕着算法和主题爬虫的爬行目标,重新设计了爬虫的工作流程和功能模块,并利用HTTP分析技术,多线程处理技术,增量检测技术实现了基于SVM主题分类算法的主题爬虫Percaspider,并对爬虫的总体性能进行了测试,对结果进行了展示和分析。实验表明,新的主题爬虫在下载速度和准确率上都有理想的效果,保证了爬虫有效性和实用性。",基于支持向量机分类算法的主题爬虫的研究与实现,"计算机软件及计算机应用,主题爬虫,支持向量机,网页分类,分类函数,多线程技术"
费静婷,华东师范大学,华东师范大学,"本体的概念最初起源于哲学领域,古希腊哲学家亚里士多德在哲学中的定义为“对世界上客观存在物的系统地描述,即存在论”,是客观存在的一个系统的解释或说明,关心的是客观现实的抽象本质。20世纪90年代以来,人们将本体的概念引入人工智能、知识工程和图书情报等领域。本体现被广泛应用于计算机科学及其应用领域,因为它能有效地解决知识工程中知识共享和重用两大问题。



	作为本体应用研究的一项基础性工作——本体构建,也吸引了国内外众多科研人员的关注。目前,本体的构建大都由领域专家手工编制,虽然该方法较为准确,但是工程复杂、费时、费力,易受创建者主观意识的限制。然而面向语义、知识的自动构建本体,难度很大。信息技术的飞速发展,已有的领域本体已不满足实际的需求,因此如何扩展本体也显得至关重要。



	本文将语义字典——WordNet和聚焦爬虫等相关技术应用到领域本体的构建过程中,进行了领域本体的半自动构建的研究。以WordNet为中心,聚焦爬虫为辅助,通过计算概念与概念之间相似度,确定领域的相关概念。然后,利用基于最小距离法的凝聚的层次聚类算法生成概念之间的关系,将新增概念与领域本体合并。最后,通过本体编辑工具对其进行修改和完善。



	本文获得的主要研究成果有:



	(1)通过介绍本体的概念、本体构成及分析已有本体构建方法,提出了基于WordNet和聚焦爬虫相结合的半自动本体构建方法。



	(2)以WordNet作为语义字典,利用其自身的语义关系,通过计算两个概念之间的信息熵,得到概念间的语义相似度。



	(3)利用聚焦爬虫作为大型语料库计算概念在上下文中出现的频率,计算概念间语义相似度,一定程度上弥补了数据稀疏问题。



	(4)根据先前计算得到的概念相似度,采用基于最小距离法的凝聚的层次聚类算法,依据自定义的规则进行本体集成。



	(5)开发了本体编辑工具MyProtégé,用户可以根据实际情况,进一步修改、完善本体。",基于Wordnet和聚焦爬虫半自动构建本体技术的研究与实现,"计算机软件及计算机应用,领域本体,WordNet,聚焦爬虫,概念相似度,层次聚类"
李蕊,北京邮电大学,北京邮电大学,"随着互联网的普及应用以及人们生活水平的提高,越来越多的人们喜欢从互联网上下载资源。现在人们下载资源都需要经过复杂的步骤,不仅效率低下,而且现在的下载工具充斥着大量的广告,如果操作不当,则有可能使用户的电脑陷入死机或者中毒的状态。


	本文针对上述问题,设计并实现了一款轻巧易用的小型软件。该软件集搜索,存储展示和下载于一体,不仅能够提供大量可下载的URL,而且能够提高下载速率。


	本文首先介绍了网络爬虫技术和超文本传输协议HTTP,并在传统网络爬虫的基础上进行了扩展。传统的网络爬虫技术只能抓取静态的URL,而对大量深藏在深网络中的动态的URL没有抓取,从而损失了很多更有价值的URL。这样导致了下载效率较低,而且不能够提供足够的URL以供多源下载。


	本文通过执行JavaScript脚本来解析出深层网络中的动态的URL。执行JavaScript脚本采用的Rhino解析引擎,但是Rhino解析引擎存在两个弊端：一是Rhino无法模拟浏览器内置对象；二是无法解析这些内置对象动态添加的属性和方法。本文对这两个弊端进行了改进,通过添加对DOM操作的支持,使Rhino可以模拟浏览器内置对象。通过修改在浏览器内置对象中的查找方式,使Rhino可以解析浏览器内置对象动态添加的属性和方法。改进之后的Rhino能够解析出更多的URL。


	本文的存储和展示模块,主要对可下载的URL进行了分组存储和展示,分组有一定的规则,只有相同的文件类型和文件大小的URL才在一组展示,在展示模块采用定时刷新机制。


	本文的下载模块采用的是多源下载的技术。首先从存储和展示模块中得到经过分组的URL,用户点击下载区域之后,对用户选择的URL分组进行精确的判断,只有真正指向同一个文件下载源的URL才作为多源下载的源地址。判断方式是使用从这些URL中下载相同位置的片段,计算这些片段的MD5值,MD5值相同的URL地址才作为源地址",基于网络爬虫技术的多源下载系统的设计与实现,"计算机软件及计算机应用,网络爬虫,HTTP,多源下载,Rhino"
王佳,北京交通大学,北京交通大学,"网络爬虫是搜索引擎的重要组成部分,负责互联网中数据的采集工作。随着网络技术的发展,越来越多的网站开始应用Ajax技术。Ajax采用异步模式向服务器发送请求,并将从服务器获取的数据动态显示在Web页面,网页的源文件和URL都不发生变化。这一技术的应用使得传统根据HTML源文件进行信息采集的网络爬虫无法采集到动态信息。Ajax技术的应用领域越来越广,目前大多数新闻站点的新闻评论都采用了Ajax技术,这些动态评论信息对舆情的收集具有重要意义。基于Ajax技术在新闻领域的应用,本文研究并设计了能够采集Ajax网页信息的主题网络爬虫系统,实现了对新闻站点的新闻信息以及动态评论信息的采集。


	首先,研究了Ajax网页动态信息的采集。通过使用浏览器API并模拟用户行为对网页元素进行操作采集Ajax网页的动态信息,基于同一站点同一类型Ajax网页结构相似性特点,在系统采集主题信息前增加预处理阶段。预处理阶段用来查找Ajax网页中的有效触发元素,并对有效触发元素进行规约和模式分类,为采集动态信息制定采集规则。


	其次,实现主题信息的采集。系统根据URL的语义特征区分主题信息,结合协议驱动采集与事件驱动采集两种网页信息采集方式完成新闻信息和新闻动态评论信息的采集。


	最后,通过实验证明本文所设计的方法对采集新闻站点主题信息是有效的。",支持Ajax技术的主题网络爬虫系统研究与实现,"计算机软件及计算机应用,网络爬虫,Ajax,主题爬虫"
檀康,东华大学,东华大学,"随着Internet的迅速发展,简易、可扩展、平台无关的Web技术逐渐盛行,Web动态页面也正在逐步取代静态页面。基于Web动态页面的一些特性,深度网页(亦称Deep Web或深网)的出现也就成了必然的趋势。搜索引擎的出现在一定程度上为用户搜集、获取网络信息提供了有效的途径。传统的搜索引擎呈现给用户的主要是类似纯文本的非结构化数据,但深度网页数据作为一种结构化数据,显然无法通过传统搜索引擎被获取到。随着对深度网页技术研究的不断深入,通过搜索引擎获取深度网页数据已经成为深度网页研究领域的一项新课题。

	本文主要是基于深度网页爬虫并结合Lucene搜索引擎构架中的核心索引类和核心查询类构建了一种基于深度网页爬虫的搜索引擎原型。在整个原型系统的实现过程中,主要从深度网页站点信息搜集、深度网页查询接口判定、深度网页表面预处理以及关联表单查询模板输入值等四个方面对深度网页爬虫的研究和实现进行了分析和探讨。本文在查询接口判定方面,主要是根据DOM树的原理,对网页数据进行了特征分析和识别。

	在对深度网页进行表面预处理方面,本文提出了关联表单查询模板的选择算法。这种算法是在对网页表单输入值进行建模的基础上,通过对表单页面的查询处理过程进行分析和研究所提出的。另外,在表单查询模板输入值的选择方面,本文采用了一种迭代探索的算法,结合加权分析技术,对后台表单数据库通过查询获取到深度网页中的数据。

	在搜索引擎构架方面,本文利用了Lucene开源搜索引擎框架提供的两个核心类,即核心索引类、核心查询类。爬虫将所抓取到的数据内容保存到Lucene系统中的索引库中,通过查询类为用户提供搜索查询接口,从而实现了基于深度网页爬虫搜索引擎原型。",基于深度网页爬虫搜索引擎原型的研究和实现,"计算机软件及计算机应用,搜索引擎,深度网页,表单,DOM树,Lueene"
刘丽杰,哈尔滨工程大学,哈尔滨工程大学,"随着互联网的高速发展，多元化信息呈几何级数增长，用户对于信息检索服务也提出了越来越高的要求，尤其是在检索结果的专业性和准确性上，而通用搜索引擎的检索能力无法满足这种需求，垂直搜索引擎应运而生。它是一种全新的搜索服务模式，是为某一特定专业、人群或主题的需求提供服务的。针对通用搜索引擎而言，垂直搜索引擎具有检索更精确、专注、具体和深入的特点。

	聚焦爬虫作为垂直搜索引擎的核心部件，它采用何种搜索策略检索Web资源会直接影响到垂直搜索引擎的优劣，因此近年来聚焦爬虫已成为垂直搜索引擎研究中的热点领域之一。论文详细的阐述了垂直搜索引擎和聚焦爬虫的相关概念、工作原理及主要关键技术，在仔细研究搜索引擎中现有经典的搜索策略、主题相关性判别算法及页面的分布特征的基础上，提出基于主题相关度和页面重要性相结合的立即价值来判别页面主题相关性，并采用自适应免疫算法指导聚焦爬虫的爬行策略，取得了较好的实际效果。同时针对基于单一价值评价的聚焦爬虫搜索策略存在主题漂移等不足，提出一种基于量子进化算法（QBEA）的智能爬行算法，该算法充分结合网页在互联网上的分布特点，利用立即价值和未来价值两类评价标准的优势，根据聚焦爬虫实际运行过程中的搜索情况，在线调整这两种标准在综合价值中的比重，通过实验仿真结果可知，量子进化算法获得较高的页面查全率和信息查准率，能较好地解决现存问题，具有一定的自适应性。

	最后，针对实际应用需要，将所提聚焦爬虫搜索策略应用到实际系统中，并在系统中引入了Oracle SES技术，运行结果表明本文的工作是有效的，具有一定的创新性和实际应用价值。",垂直搜索引擎中聚焦爬虫技术的研究,"计算机软件及计算机应用,垂直搜索引擎,聚焦爬虫,相关度计算,启发式搜索,量子进化算法"
邬柏,华中科技大学,华中科技大学,"现代社会互联网技术日新月异，互联网产品也如雨后春笋一般层出不穷，AJAX技术越来越受到开发者的青睐。此技术对传统的网络爬虫却是不友好的，使用传统的网页抓取方式获得内容是不完整的，因此，研究支持AJAX的网络爬虫系统，具有重要的现实意义。

	本文首先调研了异步加载网页获取方式的国内外研究现状，阐述了其收录困难的原因，分析了当前抓取方案的优势和不足，提出了调用浏览器接口请求并获取网页的方案。其次，为了提高网页抓取效率，协调好AJAX爬虫和静态网页爬虫的资源调配，本文提出了一个网页属性分类器的解决方案，此方案能通过网页处理模块的正文抽取结果反馈并修正分类结果，根据分类结果对不同的网页采取不同的抓取方法。最后，为了维护分布式系统的健康运行，系统设计了心跳信息监测模块，此模块将收集分布式系统的心跳信息并统计分析系统健康度。

	本文所研究和实现的支持AJAX的分布式爬虫系统，能够收录异步加载的网页和普通的静态页面，并能够实现抓取任务高效的分配，为异步加载网页的抓取提供了新思路。系统测试结果表明预期功能得以实现，并达到了较好的性能指标。",支持AJAX的分布式爬虫系统的研究与实现,"计算机软件及计算机应用,互联网技术,分布式爬虫,AJAX,动态加载,搜索引擎"
肖征,吉林大学,吉林大学,"网络漏洞扫描检测是网络安全管理的重要组成部分，是网络公司管理的重要环节，及时准确的漏洞扫描检测是网络公司安全的重要依据。随着计算机网络技术的迅速发展，很多网络公司已经拥有自己的网络漏洞扫描系统。但是绝大部分系统都掌握在大型公司里面。这些网络漏洞扫描系统软件虽然功能很强大，但是购买使用权需要昂贵的费用，大部分中小型网络公司无法承担，并且这些软件使用也很复杂，因此需要开发易于操作、价格相对便宜的网络漏洞扫描检测系统。

	本文针对大多数企业对网络监控的实际工作需要，开发了网络漏洞扫描检测系统。论文主要应用JAVA语言、J2EE平台、Servlet技术、Oracle数据库和嵌入式Web服务器技术对本系统进行开发。通过这些技术的使用，使得系统的性能有了很大的提高。本系统包括请求扫描调度模块、扫描调度模块、漏洞扫描管理模块和信息搜集模块。其中请求扫描调度模块可以实现扫描任务控制、配置扫描参数、获取扫描漏洞、确定扫描任务以及输出扫描参数等5个子功能；扫描调度模块可以实现基本信息探测、扫描设置、端口扫描等3个子功能；漏洞扫描模块则可以实现FTP漏洞扫描、HTTP漏洞扫描、SQL漏洞扫描、SMTP漏洞扫描等4个子功能；信息搜集模块中可以实现扫描系统类型、扫描服务器类型、IP地址及端口号等3个子功能。

	网络漏洞扫描检测系统在实际的应用测试过程中，达到了测试的要求；并且系统满足了网络公司的现有需求。网络漏洞扫描系统具有资源共享、信息快速传递、流程规范化等优良特性，在提高工作效率上起到了很大的作用。网络漏洞扫描检测系统的研发加快了企业信息化的步伐，提高了企业信息化的管理水平，使其在激烈的社会竞争中立于不败之地。因此，建设和完善网络漏洞扫描检测系统具有非常重要的实际意义。",基于网络爬虫的网络漏洞扫描检测系统的设计与实现,"计算机软件及计算机应用,互联网技术,网络爬虫,网络漏洞扫描检测,J2EE,Servlet"
胡伟,上海师范大学,上海师范大学,"随着大数据时代的到来,互联网上的数据正在迅速膨胀并变大,数据的采集速度越来越不能满足实际需要。爬虫系统需要抓取的网页数量巨大,如何高效、稳定地抓取网页非常重要。网页分布广及动态变化也使爬虫系统很难保持本地网页时新性,爬虫需要及时更新本地网页,避免网页失效。本文对Nutch爬虫进行改进,将改进后的Nutch和Hadoop分布式平台结合,设计高效、可靠的分布式爬虫系统。主要研究成果如下:1、Nutch和Hadoop分布式平台结合Nutch单机运行时,受限于单台机器存储及运算性能,且易发生单点故障,稳定性差。我们借助Hadoop分布式平台的优点,将Nutch运行的各个步骤提交给Hadoop,使用Map Reduce分布式计算完成,并将数据存储在HDFS上。我们分别对Nutch单机模式和Nutch分布式模式进行实验,实验结果表明:对比单机模式,分布式模式随着集群中节点的增多,Nutch爬行的性能会线性增长;数据安全性提高,可靠性增强,节点间负载均衡。2、提出Proxy IP动态更换模块在详细分析Nutch抓取网页数据的工作流程后,发现当一个网站有以IP为依据的访问检测机制时,Nutch大规模访问很容易被禁止。针对这个问题,提出Proxy IP动态更换模块,与Nutch系统结合,在Nutch爬行被禁止时,更换Proxy IP,使Nutch能继续爬行。经过测试,Nutch的爬虫被禁止爬行得到有效解决。3、网页更新预测优化Nutch有网页更新模块,但网页更新的参数需要人为设定,且对所有网页有效,很难适应海量网页的差异化。本文提出动态选择策略来预测网页更新周期。在网页更新历史数据不足时,通过基于Map Reduce的DBSCAN聚类算法来减少爬虫系统抓取网页数量,将样本网页的更新周期作为所属类其它网页的更新周期;在网页更新历史数据较多时,通过对网页更新历史数据进行泊松过程建模较准确地预测每个网页的更新周期。实验表明,动态选择策略节约了爬虫的抓取资源,且能较准确预测网页的更新周期。",基于Nutch的分布式爬虫研究与优化,"互联网技术,Nutch,爬虫,Hadoop,Proxy IP,网页更新预测,DBSCAN算法,Map Reduce,泊松过程"
邓颖谦,东北大学,东北大学,"随着网络应用的发展,Web应用在社会各个领域都得到了极为广泛的应用,伴随而来的针对Web应用的攻击则不断攀升。当Web应用程序存在能够被利用的漏洞时,黑客便可以对其实施攻击从而实现获取信息资料、病毒木马植入、伪装钓鱼网站、恶意插入广告等非法操作。普通用户在浏览这些Web页面的过程中很容易导致计算机中毒或遭受财产损失。在Web应用程序开发过程中,如果开发人员缺乏良好的安全编程意识和编程习惯,或者在网站的部署过程中,网站管理人员的安全意识薄弱,都容易导致Web应用程序出现安全隐患,给恶意攻击者留下可乘之机,因此对网站Web应用的安全检测是十分必要的。

	论文首先阐述了研究背景以及渗透测试系统的目的及深远意义,分析了Web应用中几种主要的安全威胁以及针对各种漏洞的检测手段,并针对以往爬虫方案存在存储代价过高问题,提出了基于Bloom过滤器的网页爬虫算法,该算法有效地解决了网页爬虫爬行过程中对系统内存资源消耗过多的缺点。在此基础之上设计与实现了一个基于爬虫的渗透测试系统,该系统检测手段可分为自动检测和手动检测,能够对SQL注入漏洞、XSS脚本攻击漏洞、敏感目录及第三方编辑器漏洞进行检测,并能够基于SQL注入漏洞进一步对数据库信息进行获取,检测过程中会动态向测试人员提供检测信息并在检测结束后显示测试结果。该系统通过模拟黑客的攻击行为对网站Web应用进行渗透测试,发现网站运行过程中存在的漏洞,为网站管理人员或渗透测试工作人员提供可靠、有效的安全弱点信息。系统测试结果表明,系统运行良好,可以有效地检测Web应用中存在的安全漏洞,为用户提供有效的安全检测系统和技术保障。",基于爬虫的渗透测试系统的研究与实现,"互联网技术,Bloom过滤器,网页爬虫,渗透测试"
王冉,北京邮电大学,北京邮电大学,"伴随着互联网技术的蓬勃发展及Web2.0技术的兴起,网络中存储的信息量呈现出爆炸式的增长,搜索引擎在互联网中发挥了越来越重要的作用。网络信息检索新领域新的研究热点之一就是面向主题的网络爬虫与搜索引擎技术。传统的搜索引擎对网页的抓取是任意的,不作任何判断,而主题式搜索引擎则是带有目的性的去查询,仅仅返回某一个领域内的用户所需要的内容。使用特定主题的垂直搜索引擎,能够提高查询的精度、深度和广度,从而大大提高了人们的工作和生活效率。Nutch是一个开源的网络爬虫系统,它是以Lucene为基础,开发了索引和检索功能,尽力为用户提供更好的检索结果。通过与Solr索引服务器结合,从而具有高度标准模块的框架。虽然Nutch集成了各种功能的插件,但是缺乏对页面中脚本内容的解析和主题相关性的判断,可能会造成网页动态内容的缺失及索引文件的冗余,影响最终的检索结果。本文基于开源搜索引擎框架Nutch设计并实现了一个主题式搜索引擎。主要工作包括以下几个方面:1.对主题搜索引擎的相关技术和开源网络爬虫Nutch的工作原理及流程进行研究。介绍分析了主题搜索引擎的重要构成模块及中文分词技术。2.对传统网络爬虫不能爬取网页中的动态链接及内容的缺陷进行分析,利用Nutch的插件机制设计并实现了一个JS解析插件。该插件作用于爬虫的采集页面阶段,通过解析网页中的脚本内容,利用正则表达式来提取网页中的动态链接。并且针对Ajax请求,利用Htmlunit来完成动态页面的静态化,从而提取到网页中的动态内容。3.基于Nutch的插件机制,实现一个主题过滤模块,主要采用的思想是:在基于Mahout的贝叶斯分类算法的基础上,利用训练文档生成贝叶斯模型,将改进后的爬虫爬取到的网页在被建立索引之前进行主题判别,如果属于预先定义的主题,则保存该网页,否则丢弃,最后实现了自己的基于贝叶斯分类器的主题爬虫。4.引用基于词典的IKAnalyzer,利用归一化处理的双字耦合度思想对Nutch的中文分词其进行了进行了改进以及测试,进而改善了分词效果。5.设计并实现了基于Nutch网络爬虫及主题搜索引擎系统,并且针对该系统中爬虫的性能和查准率进行了相关实验。实验表明:本文设计实现的系统是有效的,虽然由于增加了 JS解析功能和主题过滤功能降低了爬取效率,但是相较于开源Nutch系统和通用搜索引擎百度,该系统的查准率大大提高了。",基于Nutch的网络爬虫及主题搜索引擎系统的设计与实现,"计算机软件及计算机应用,主题搜索引擎,Ajax,主题,贝叶斯,中文分词"
孟竹,中国地质大学(北京),中国地质大学(北京),"爬虫,即使用程序自动获取网页上的内容,在现在已经很流行,是搜索引擎的重要组成部分,也是进行有监督机器学习模型训练的语料获取重要方法之一。然而,在某些特定领域的研究,普通爬虫不再能够满足特定语料获取的需求,因此带有特定主题的垂直领域爬虫已经日益被需要。主题爬虫需要在获取一个新的网页或网页链接时,通过判断在语义上是否与主题相关,来判断是否爬取该页面。本文使用词向量进行语义表示,并联合点对互信息方法,对新的网页链接进行判断,决策继续爬取该页面,还是放弃爬取该页面。具体内容如下。介绍自然语言处理技术、深度学习技术、语言模型。并详细介绍基于矩阵和基于向量的两种词向量表示方法。然后基于维基百科中文语料,使用不同的参数训练模型,得出实验结论,并选出某一组参数,进行下面章节的研究。为了解决一词多义的问题,本文引入点对互信息(PMI,Pointwise Mutual Information)。根据上下文信息,判断该词在此处的意思。并通过上一部分的结论,选出一个效果最好的词向量模型,联合PMI进行实验。PMI的词对表容量巨大,普通的电脑内存无法装载,针对该问题,本文将给出一种解决方法。把以上两部分运用于垂直领域爬虫系统。使用宽度优先搜索的方法进行抓取,当爬虫系统遇到一个新的链接时,使用上一部分得出的模型,判断该连接词与主题词的相关程度。使用“程序员”、“家具”、“护肤”三个主题,在百度百科上分别爬取若干页面,并保留中间扔掉的链接,人工判断每个网页是否与主题相关,从而得出准确率,召回率等,并与不使用相关词技术的普通爬虫对比,从而更加客观的判断本文的垂直领域爬虫的效果。本文提出了使用语义模型表示和点对互信息,联合进行网页链接是否与主题词相关的判定,从而筛选出与主题词相关的网页链接,并得出客观的实验效果。",词向量语义模型研究及在主题爬虫系统中的应用,"计算机软件及计算机应用,垂直领域爬虫,语义表示,词向量,PMI"
代亚非,"
                                        北京大学区域光纤通信网与新型光通信系统国家重点实验室

                                    ",北京大学区域光纤通信网与新型光通信系统国家重点实验室;,"KAD网络是目前基于实际应用的一个最大的DHT网络,针对KAD网络的测量成为研究实际DHT的很好途径.各种针对覆盖网络的基于主动和被动的测量研究也正逐步展开,在主动测量中,网络爬虫是一项很重要的基础工作.通常,这类爬虫从一个起始的已知节点集开始扫描,然后通过迭代式地查询来获取更多的节点信息.设计爬虫的时候通常希望达到3个性能方面的目标:尽快完成对一个已知的节点集的扫描,尽可能抓取到更多的节点信息,尽量减少网络带宽的占用.由于这些目标之间存在互相制约关系,单纯优化其中的一项性能可能降低其它性能.文中提出了一个基本的DHT网络爬虫的框架,并提出基于该框架上可能的扩展,充分利用覆盖网络中的拓扑结构,对爬虫各部分工作的权重进行调整,从而降低爬虫总的工作量,达到对以上目标的优化.",可扩展的DHT网络爬虫设计和优化,"计算机软件及计算机应用,DHT,爬虫,网络测量"
史建焘,"
                                        哈尔滨工业大学计算机科学与技术学院

                                    ",哈尔滨工业大学计算机科学与技术学院;,"分析了当前主题爬虫在面向BT种子文件获取应用上存在的问题,从提高BT种子获取速率、提高覆盖率和降低种子获取延时的角度出发,提出了基于Hash的去重机制,给出了爬虫自动登录的实现方法,设计了AJAX页面解析引擎,提出批量抓取和增量抓取相结合的数据抓取机制、历史数据和更新数据相结合的数据存储机制。通过设计并实现一个基于爬虫方式的BT种子文件获取系统证明了这几种方法能使系统整体性能平均提高30%～50%。这些技术和方法也可应用于其他主题爬虫。",面向BitTorrent种子文件获取的网络爬虫技术研究,"互联网技术,BitTorrent,BT种子爬虫,去重机制,自动登录,AJAX解析"
邹普,"
                                        广东工业大学自动化学院
;
                                    ",广东工业大学自动化学院;,"广域网分布式爬虫与局域网爬虫相比有诸多的优势,而现有基于Hadoop分布式爬虫的设计主要是面向局域网环境的。为解决Hadoop分布式计算平台不适合部署于广域网的问题,设计了一个基于Hadoop的广域网分布式爬虫系统框架。爬虫系统利用消息中间件实现分布式可靠通信,数据存储采用可伸缩的Hadoop分布式文件系统HDFS,网页解析利用MapReduce并行处理,并基于模板匹配实现框架可定制。系统的性能仿真显示该框架具有支撑大规模爬虫并发工作的能力。",基于Hadoop的广域网分布式主题爬虫系统框架,"计算机软件及计算机应用,互联网技术,分布式爬虫,Hadoop,爬虫框架,模板匹配,主题爬虫"
王德夫,"
                                        武汉大学法学院/知识产权法研究所

                                    ",武汉大学法学院/知识产权法研究所;,"""爬虫协议""是广泛应用于互联网站点与搜索引擎间的一种通信技术协定,在搜索引擎中广泛使用。从法律角度看,网络内容服务商与搜索引擎之间因彼此的公开信息和搜索查询行为构成信息服务合同关系,而爬虫协议则是合同条款之一,并与商业习惯或道德规范有着一定的联系。除此之外,当爬虫协议作为一种竞争工具而存在时,它的不同运用方式,会对市场竞争产生重要影响,亦需要法律对其做出判断。",“爬虫协议”的定性及其竞争法分析,"经济法,爬虫协议,Robots文档,反不正当竞争,消费者保护,法律效力"
耿茜,"
                                        南京航空航天大学金城学院信息工程系

                                    ",南京航空航天大学金城学院信息工程系;,"随着互联网技术的飞速发展,互联网信息和资源呈指数级爆炸式增长。如何快速有效的从海量的网页信息中获取有价值的信息,用于搜索引擎和科学研究,是一个关键且重要的基础工程。分布式网络爬虫较集中式网络爬虫具有明显的速度与规模优势,能够很好的适应数据的大规模增长,提供高效、快速、稳定的Web数据爬取。本文采用Redis设计实现了一个主从式分布式网络爬虫系统,用于快速、稳定、可拓展地爬取海量的Web资源。系统实现了分布式爬虫的核心框架,可以完成绝大多数Web内容的爬取,并且节点易于拓展,爬取内容可以定制,主从结构使得系统稳定且便于维护。",一种基于Redis的分布式爬虫系统设计与实现,"计算机软件及计算机应用,Redis,分布式,主从式,爬虫系统"
黄媛,"
                                        长江工程职业技术学院

                                    ",长江工程职业技术学院;,"随着网络的快速发展,网页预处理的数量和搜索引擎的质量有了很大提升。在搜索引擎的设计过程中,不仅要考虑网页遍历策略,网络爬虫优化策略也尤为重要。本文首先阐述了网络爬虫的特点,分析了面向网络爬虫的企业网站优化策略。",面向网络爬虫的企业网站优化策略,"互联网技术,网络爬虫,优化策略,搜索引擎"
张岩,"
                                        大庆油田物资公司

                                    ",大庆油田物资公司;,"论文基于互联网大数据采集环境,对现阶段爬虫与反爬虫技术做了技术阐述,从Headers信息、Cookie限制、验证码限制、用户行为检测等角度对信息恶意采集的阻断方式进行了分析,探讨了数据网络保护的可行性。",大数据反爬虫技术分析,"计算机软件及计算机应用,反爬虫,大数据"
毛逸恒,"
                                        西安高新第三中学

                                    ",西安高新第三中学;,"目前,网络中的信息量飞速增长,这为人们精确地搜集数据增加了困难。网络爬虫的出现很好地解决了这一问题,它可以按照一定的规则自动获取网络中的信息,并通过解析这些信息抽取有价值的数据。本文详细阐述了基于网络爬虫的网页信息获取技术,首先简要介绍了网络爬虫技术的研究背景,在此基础上,详细分析了网络爬虫技术的原理及组织架构。基于这一理论体系,本文实现了定向获取信息的网络爬虫,使数据的精确获取成为了可能。",基于网络爬虫的网页信息获取技术,"计算机软件及计算机应用,网络爬虫,网页信息获取,大数据"
张楠,"
                                        北京邮电大学

                                    ",北京邮电大学;,"随着全球信息技术的发展,互联网中的信息量呈爆炸式增长,人们对信息的需求量也与日俱增,而传统的单机平台的爬虫技术已经无法实现现如今互联网中大量数据的获取。本文旨在设计一个基于Redis的主从模式分布式爬虫系统来突破传统单机爬虫的限制。本文中的爬虫系统基于python语言的Scrapy框架具体实现。此外,为了实现分布式,该系统还使用了Redis数据库进行url存储与调度分配,最终使用Mongo Db数据库储存解析后的网页信息。本文也对该系统进行了一定优化,首先,本文采用半分布式拓扑结构优化了整体主从架构;同时本文也采用二级哈希映射算法优化URL的分配,解决了系统内节点动态加入或退出对系统的影响;初次之外,本文还采用去重与增量爬取优化了服务器的资源效率并使用代理ip的方式来应对部分网站的防爬虫屏蔽现象。",基于Scrapy技术的分布式爬虫的设计与优化,"计算机软件及计算机应用,Scrapy,分布式爬虫,哈希映射算法,设计与优化,防爬虫屏蔽"
韩震博,"
                                        四川大学

                                    ",四川大学;,"现在移动互联网已经普及到人们的生活之中,互联网作为信息的载体,随着现在信息量的增加,用户想要搜索到有用的信息变得更加困难,在这种情况之下,学习资源爬虫是解决这类问题的关键,爬虫系统的关键是对于互联网的资源进行划分,从概念、类型、形态等方面,然后设计爬虫系统的一些解析与下载功能,根据所处的环境实现搜索结果的准确性。并且结合浏览器的功能,解决网站的数据丢失问题,进行完整且高效的内容下载,优化整个学习资源的下载准确性,从而获取更有价值的学习资源",学习资源爬虫系统设计与实现,"计算机软件及计算机应用,爬虫,系统,设计"
刘晓丹,"
                                        陕西广播电视大学信息与智能技术学院

                                    ",陕西广播电视大学信息与智能技术学院;,"研究了基于Scrapy的网络爬虫系统框架。以设计目标为依据对网络爬虫所需具备的功能特性进行了详细分析,完成了系统总体框架的设计。该框架采用主从结构,介绍了各层主要模块的功能,详细阐述了完整的抓取过程。为促进网络爬虫系统框架的实现,综合MongoDB及Redis,完成了系统数据库方案的设计,从而提高用户获取信息的速度和质量。",基于Scrapy的网络爬虫系统框架设计与实现,"计算机软件及计算机应用,Scrapy,网络爬虫,系统框架设计,数据库设计"
